"","source","ID","Number.of.Root.Tips","Number.of.Branch.Points","Total.Root.Length.mm","Network.Area.mm2","Median.Diameter.mm","Maximum.Diameter.mm","Perimeter.mm","Volume.mm3","Surface.Area.mm2","Computation.Time.s","Root.Length.Diameter.Range.1.mm","Root.Length.Diameter.Range.2.mm","Root.Length.Diameter.Range.3.mm","Root.Length.Diameter.Range.4.mm","Root.Length.Diameter.Range.5.mm","Root.Length.Diameter.Range.6.mm","Root.Length.Diameter.Range.7.mm","Root.Length.Diameter.Range.8.mm","Root.Length.Diameter.Range.9.mm","Projected.Area.Diameter.Range.1.mm2","Projected.Area.Diameter.Range.2.mm2","Projected.Area.Diameter.Range.3.mm2","Projected.Area.Diameter.Range.4.mm2","Projected.Area.Diameter.Range.5.mm2","Projected.Area.Diameter.Range.6.mm2","Projected.Area.Diameter.Range.7.mm2","Projected.Area.Diameter.Range.8.mm2","Projected.Area.Diameter.Range.9.mm2","Surface.Area.Diameter.Range.1.mm2","Surface.Area.Diameter.Range.2.mm2","Surface.Area.Diameter.Range.3.mm2","Surface.Area.Diameter.Range.4.mm2","Surface.Area.Diameter.Range.5.mm2","Surface.Area.Diameter.Range.6.mm2","Surface.Area.Diameter.Range.7.mm2","Surface.Area.Diameter.Range.8.mm2","Surface.Area.Diameter.Range.9.mm2","Volume.Diameter.Range.1.mm3","Volume.Diameter.Range.2.mm3","Volume.Diameter.Range.3.mm3","Volume.Diameter.Range.4.mm3","Volume.Diameter.Range.5.mm3","Volume.Diameter.Range.6.mm3","Volume.Diameter.Range.7.mm3","Volume.Diameter.Range.8.mm3","Volume.Diameter.Range.9.mm3","RD","BI","SRL","RTD","RDMC"
"1","RawScanners","FCI1638",1940,3145,1652.478178,257.112389,0.18932,1.070958,2390.956864,118.02957,1281.890649,1.664,1055.613651,409.625158,153.484784,32.580769,1.173815,0,0,0,0,153.551184,134.364054,91.792343,26.661862,1.212294,0,0,0,0,482.97324,422.747664,288.600499,83.760711,3.808535,0,0,0,0,19.557179,36.473126,43.771969,17.243644,0.983651,0,0,0,0,0.243516,1.903202,117.197033900709,0.119461589159395,792.134831460674
"2","RawScanners","FBW8179",2581,3917,2062.974175,404.730373,0.239473,1.436841,2795.141242,234.349138,2035.935777,2.612,1007.299284,657.469372,293.653991,86.641431,15.922923,1.987174,0,0,0,151.330795,227.283557,176.723314,72.04217,17.317187,2.62787,0,0,0,475.854511,714.74397,555.960934,226.557875,54.562789,8.255697,0,0,0,19.821007,64.561888,84.826065,47.476373,14.929094,2.734712,0,0,0,0.305641,1.898715,65.9097180511182,0.133561404437511,299.808429118774
"3","RawScanners","FBC0289",2022,3061,1519.41547,263.712734,0.239473,1.289604,2055.956737,133.943534,1343.575284,1.611,787.704131,532.701756,162.266868,30.088603,5.772376,0.881737,0,0,0,116.844656,182.869257,94.952414,24.728231,6.160151,1.121285,0,0,0,367.738635,575.918644,298.781128,78.11519,19.499067,3.52262,0,0,0,15.196025,51.798363,44.328287,16.242959,5.25792,1.11998,0,0,0,0.275357,2.014591,83.0281677595628,0.136624736211604,347.248576850095
"4","RawScanners","FCE1581",2298,4036,1595.675228,255.827445,0.239473,1.419272,1937.590422,158.137153,1461.333465,2.366,819.183075,552.823119,156.663309,50.596592,13.973827,2.435306,0,0,0,121.53505,188.390058,93.223385,42.384465,15.43976,3.180919,0,0,0,382.862469,592.679753,293.530013,133.762641,48.505436,9.993153,0,0,0,15.830636,52.881933,44.378447,28.331529,13.447014,3.267594,0,0,0,0.28224,2.529337,89.6446757303371,0.112560518906016,37.3949579831933
"5","RawScanners","FCA5827",1537,2354,983.099394,114.089378,0.169333,0.682604,1512.985214,30.641817,545.867366,1.801,763.487399,215.0014,4.610595,0,0,0,0,0,0,104.378719,66.450922,2.522168,0,0,0,0,0,0,328.57541,209.368332,7.923624,0,0,0,0,0,0,12.780409,16.771045,1.090363,0,0,0,0,0,0,0.174889,2.394468,70.7265751079137,0.453628451602593,463.333333333333
"6","RawScanners","FEY3832",976,1409,633.690198,102.594777,0.18932,1.401483,864.605422,54.651946,536.284709,1.302,359.634779,203.819597,47.292314,18.477449,3.122911,1.343149,0,0,0,52.460631,68.71534,28.722601,15.376911,3.396874,1.785167,0,0,0,165.025875,216.245179,90.425803,48.30799,10.671595,5.608267,0,0,0,6.740162,19.068439,13.946789,10.119496,2.911667,1.865392,0,0,0,0.260533,2.223484,59.613377046096,0.194503595535281,356.711409395973
"7","RawScanners","FGO9191",1749,2379,1518.369989,321.139143,0.254,1.554273,2059.820537,202.528313,1626.791999,1.338,665.379777,536.470758,191.265076,103.604422,18.389774,2.759446,0.500737,0,0,105.594442,183.779213,116.399029,87.287084,19.718212,3.712567,0.764492,0,0,332.013189,577.843014,366.317623,274.464057,62.089021,11.663372,2.401723,0,0,14.406522,51.69437,56.57978,58.262364,16.734296,3.934193,0.916788,0,0,0.333035,1.566812,105.442360347222,0.0711011699386446,279.611650485437
"8","RawScanners","FEL2208",1389,1933,910.607354,133.100092,0.18932,1.047269,1332.430508,50.379314,650.501847,1.467,578.361689,283.866481,42.689712,5.350805,0.338667,0,0,0,0,84.17867,93.252267,24.515646,4.409278,0.34808,0,0,0,0,264.85137,293.543308,77.161488,13.852154,1.093527,0,0,0,0,10.800262,25.199752,11.223875,2.874421,0.281003,0,0,0,0,0.22313,2.122759,90.8789774451098,0.198891156001052,385.384615384615
"9","RawScanners","FFY6725",2739,3985,2087.585739,328.300419,0.169333,1.151591,3081.002802,148.24241,1604.509008,3.336,1334.504826,520.687385,194.959166,35.739266,1.695096,0,0,0,0,188.847567,171.588826,118.738805,29.126119,1.816179,0,0,0,0,593.896087,539.881308,373.523517,91.502402,5.705694,0,0,0,0,23.668955,46.626229,57.676864,18.738737,1.531625,0,0,0,0,0.238948,1.908904,104.37928695,0.134914158505653,249.687890137328
"10","RawScanners","FGG8281",2251,3307,1866.129859,312.013713,0.18932,1.203339,2675.436091,158.288901,1567.871022,2.228,1077.401912,551.042538,176.650748,54.559637,6.475024,0,0,0,0,152.589347,187.536295,105.48214,45.871502,6.739999,0,0,0,0,479.740912,590.160565,332.170786,144.109572,21.689187,0,0,0,0,19.038281,52.569075,50.375518,30.50888,5.797145,0,0,0,0,0.26257,1.772117,74.7049583266613,0.157812707285143,332.18085106383
"11","RawScanners","FGE4515",1550,2523,1141.113719,217.857987,0.254,1.441821,1412.415637,149.616464,1197.158384,1.825,503.607415,411.561756,132.623904,73.277592,17.886545,2.156508,0,0,0,74.199361,142.498745,79.576223,62.053921,19.394169,2.82105,0,0,0,233.430404,448.347677,250.229946,195.212376,61.075393,8.862589,0,0,0,9.606491,40.697459,38.092267,41.66747,16.650083,2.902694,0,0,0,0.320884,2.210998,66.4597390215492,0.114760097525096,402.107728337237
"12","RawScanners","FGJ9233",2346,3640,1753.505553,228.791657,0.169333,0.946602,2668.430031,79.055751,1101.287318,2.331,1309.839661,372.236013,54.056621,17.373258,0,0,0,0,0,183.817106,119.134248,32.595577,14.153431,0,0,0,0,0,578.450189,375.608915,102.663185,44.565028,0,0,0,0,0,22.71564,31.482673,15.720223,9.137215,0,0,0,0,0,0.198436,2.075842,126.424336914203,0.175445806592869,308.90868596882
"13","RawScanners","FGA6390",3034,5297,2457.677722,478.861049,0.254,1.992817,2877.326421,414.019785,2818.583753,3.076,1078.953291,812.466211,286.035325,162.498864,80.787397,28.794321,6.323226,1.819087,0,162.61864,280.940545,172.705949,138.888884,88.541439,38.662773,10.086188,3.342559,0,511.861413,884.196845,543.203863,436.884068,278.530455,121.719456,31.686695,10.500959,0,21.445723,80.046712,83.166475,94.123507,76.696554,41.048167,12.66225,4.830398,0,0.351271,2.155287,72.5835121677496,0.0817835311904237,315.858208955224
"14","RawScanners","FEC6189",1234,1730,965.511711,144.189676,0.169333,1.188353,1468.229876,59.215331,691.490041,1.467,639.596624,263.590186,41.19124,18.235697,2.897964,0,0,0,0,89.452783,87.967405,23.997062,15.115661,3.170379,0,0,0,0,281.261567,276.790992,75.550992,47.926451,9.960039,0,0,0,0,11.02925,24.196585,11.177506,10.081141,2.73085,0,0,0,0,0.225513,1.791796,106.804392809735,0.152663167584084,322.857142857143
"15","RawScanners","FGB1616",1001,1405,909.689338,193.019327,0.254,1.786045,1201.83971,171.380309,1070.068433,2.53,442.296574,233.828304,102.730162,74.635481,34.865006,16.535101,4.400174,0.398535,0,65.220064,80.081706,62.817661,64.292535,38.175893,22.027289,6.988405,0.708677,0,204.977079,251.935623,197.685001,201.980957,119.933106,69.375573,21.954721,2.226373,0,8.338042,22.648605,30.664456,43.824321,32.95693,23.220497,8.737712,0.989748,0,0.368141,1.544483,54.1481748809524,0.0980275977912958,330.708661417323
"16","RawScanners","FGM0803",1817,2543,1654.906058,330.803998,0.254,1.761799,2377.571876,190.763355,1619.432082,2.16,798.419235,581.169825,195.161077,50.186023,20.520753,7.689926,1.716885,0.042333,0,119.276807,201.564859,115.937551,42.633896,22.501284,10.444744,2.741592,0.074583,0,374.960588,633.609188,364.300659,133.938335,70.962908,32.81313,8.612966,0.234309,0,15.616374,57.389341,54.781508,28.651093,19.600332,11.177491,3.444014,0.103201,0,0.303984,1.536643,76.9008391263941,0.112809926204118,376.223776223776
"17","RawScanners","FGN0784",1322,1843,945.454826,155.272091,0.18932,1.129594,1374.086081,67.87893,752.997353,2.111,551.648058,300.149219,82.183151,11.040793,0.433605,0,0,0,0,77.946863,104.300112,47.61991,9.010811,0.466282,0,0,0,0,245.13058,328.237561,149.856048,28.308296,1.464868,0,0,0,0,9.730418,29.93823,22.009163,5.806807,0.394312,0,0,0,0,0.245487,1.949326,91.1721143683703,0.152772001562193,347.986577181208
"18","RawScanners","FFX9242",2178,2847,1708.933059,406.276965,0.30527,2.274998,2264.456877,269.694554,2013.295338,2.02,579.567905,714.604418,266.189627,111.451132,25.96121,5.036937,2.287762,1.881964,1.952104,94.381535,246.32984,159.721489,93.460387,28.256725,6.761227,3.655138,3.533828,4.192528,296.806485,774.725564,502.264737,293.730394,88.771119,21.24102,11.482954,11.101847,13.171217,13.283677,69.785609,76.354408,61.994924,24.232745,7.148185,4.596048,5.219126,7.079832,0.362014,1.665952,69.3842086479903,0.0913255371111424,329.718875502008
"19","RawScanners","FFP1160",1922,2625,1815.108098,386.51894,0.254,1.902647,2654.972536,218.492592,1823.10829,2.61,859.928551,633.553959,223.752241,67.168009,21.092877,6.172673,2.868911,0.570877,0,130.0955,223.142339,133.135351,56.281532,23.191452,8.35081,4.580745,1.04783,0,408.85297,701.935641,418.432208,176.917461,73.052476,26.234844,14.390834,3.291856,0,17.156266,64.596194,63.016427,37.347426,20.207058,8.901551,5.756291,1.511379,0,0.313153,1.446195,99.349102244116,0.0836183956296331,319.405594405594
"20","RawScanners","FGF3594",1381,1855,1252.49505,244.761159,0.239473,1.135923,1915.899561,99.326641,1084.793253,2.407,625.106162,509.164209,100.631975,14.723793,2.868911,0,0,0,0,97.838618,174.141268,57.745436,12.252652,3.030677,0,0,0,0,307.542748,547.317394,181.81715,38.594808,9.521154,0,0,0,0,13.373453,48.856725,26.46904,8.10985,2.517573,0,0,0,0,0.271142,1.481044,80.546305466238,0.156554171604373,372.901678657074
"21","RawScanners","FDB8375",968,1238,803.764237,126.505123,0.18932,1.033488,1285.579955,40.188811,558.861826,2.248,506.160091,275.552645,18.953388,2.953578,0.144535,0,0,0,0,75.233475,88.967513,10.847636,2.586078,0.148328,0,0,0,0,236.457731,279.734851,34.078854,8.124403,0.465987,0,0,0,0,9.862583,23.481229,4.931834,1.793603,0.119563,0,0,0,0,0.218289,1.540253,78.1871825875486,0.255792588638664,448.908296943231
"22","RawScanners","FEV1588",789,1043,565.14397,101.370765,0.239473,1.354667,811.88588,47.170917,487.055992,1.491,299.753176,201.9366,51.765637,8.956918,2.093631,0.638009,0,0,0,45.58579,67.955592,30.72969,7.501599,2.312179,0.828452,0,0,0,143.259756,213.82252,96.540168,23.566968,7.263923,2.602657,0,0,0,6.034229,18.826452,14.483119,4.967571,2.014109,0.845437,0,0,0,0.267726,1.845547,61.8996681270537,0.193551463076285,409.417040358744
"23","RawScanners","FGK3505",2490,3607,1617.854709,257.046081,0.18932,1.176227,2192.132564,122.112826,1327.029762,4.126,910.459722,547.171424,131.293733,26.243533,2.686297,0,0,0,0,134.167265,185.796523,76.889854,21.755809,2.808539,0,0,0,0,422.32762,584.883633,242.28574,68.709483,8.823287,0,0,0,0,17.304099,52.044246,36.045284,14.409479,2.309718,0,0,0,0,0.253746,2.229496,48.3663590134529,0.273926999281795,489.751098096633
"24","RawScanners","FEZ5712",472,546,377.564815,90.05896,0.30527,1.070958,553.755913,41.656384,401.815125,1.144,114.7772,197.371347,59.988059,4.892402,0.535807,0,0,0,0,19.364621,69.257909,34.598755,4.051538,0.556294,0,0,0,0,60.917956,217.726042,108.695194,12.728284,1.74765,0,0,0,0,2.789264,19.937909,15.824784,2.650665,0.453762,0,0,0,0,0.329358,1.446109,99.8848716931217,0.0907423937709043,247.058823529412
"25","RawScanners","FFD9944",2085,3008,1520.247271,214.854409,0.169333,1.809967,2212.711246,95.100414,1089.340788,1.675,983.280157,443.952861,71.029884,14.119608,4.194525,1.505219,1.808815,0.356202,0,134.787737,148.078655,41.296743,11.851106,4.644717,2.089994,2.936994,0.637277,0,423.825933,465.680863,130.216024,37.231348,14.591808,6.56591,9.226837,2.002064,0,16.433088,40.606759,19.204992,7.863944,4.056158,2.285778,3.754172,0.895522,0,0.225376,1.978625,141.946523902894,0.112617806269487,250.233644859813
"26","RawScanners","FDN1018",2609,4003,2426.371489,575.118921,0.30527,2.184991,2745.28486,647.35894,3507.169716,1.681,793.518715,869.001378,299.125528,213.656238,125.243252,87.40279,30.993678,5.054472,2.375438,130.479944,297.941051,182.231955,184.531982,138.662916,117.686142,49.590895,9.200738,5.025589,410.46446,936.934062,573.015747,579.943844,435.622398,370.264185,155.997388,29.13928,15.788353,18.400461,83.866174,88.44893,126.143679,120.995848,125.16826,62.592695,13.387311,8.355582,0.442273,1.649789,36.470336524876,0.102771423840999,360.010822510823
"27","RawScanners","FDJ1565",8167,14641,6494.405199,1272.742974,0.30527,3.405663,6034.135284,1868.947475,9434.965957,2.899,2187.186436,2196.087865,914.312498,556.796878,310.032662,159.150667,83.556687,40.626683,46.654821,328.579629,765.273327,551.847587,475.638051,342.153627,214.223007,134.513778,75.968216,110.24034,1035.057625,2407.889966,1736.997571,1497.020225,1076.535375,673.240289,423.233475,238.661189,346.330242,43.570583,219.878435,266.115068,322.518428,298.540332,227.308257,170.9371,111.725337,208.353937,0.438742,2.254402,62.9974313609467,0.0551593885751123,400.50505050505
"28","RawScanners","FDF3034",2046,3287,1330.763647,236.564043,0.254,1.47864,1511.611088,171.248368,1397.901242,1.509,581.82834,476.545539,174.905628,79.137945,14.712275,3.63392,0,0,0,88.572795,163.221861,105.58961,66.33969,15.903721,4.81494,0,0,0,279.025091,513.214167,331.901107,208.523182,50.111116,15.126579,0,0,0,11.792935,46.005118,50.776255,44.02317,13.626057,5.024832,0,0,0,0.319293,2.47001,101.585011221374,0.0764970793765462,352.150537634409
"29","RawScanners","FGI9956",3986,6638,2767.791777,482.22305,0.26774,1.778,2942.308936,411.004713,3087.704371,2.199,1159.051321,979.441318,373.502968,177.1162,63.587941,13.015933,1.991429,0.084667,0,178.836529,337.21067,224.674042,150.517121,68.766977,17.530713,3.142622,0.150109,0,563.160668,1061.386025,707.356391,473.787327,216.420014,55.249528,9.872837,0.471583,0,24.013106,95.723628,108.101394,101.55444,58.78538,18.714513,3.903227,0.209024,0,0.341226,2.398302,87.8943085741505,0.0766171262858487,387.807881773399
"30","RawScanners","FES3675",2053,3217,1612.943719,340.382832,0.26774,2.945135,1932.768927,305.351888,1935.88344,1.545,613.661422,611.285682,231.928893,80.931718,35.605003,21.482386,8.292865,3.701051,6.054699,94.882146,210.267958,138.486476,68.714723,39.209671,29.000446,13.44516,6.881733,14.754296,298.555545,661.221964,435.16364,216.306099,123.317802,91.107588,42.239215,21.619601,46.351988,12.929323,59.525582,65.778899,46.348439,34.114868,30.826977,17.158861,10.063423,28.605517,0.367154,1.99449,108.106147386059,0.0488616595683207,227.439024390244
"31","RawScanners","FFK2932",2242,3119,1846.971463,386.622883,0.26774,1.232765,2536.443781,206.764945,1884.506242,2.235,770.572411,770.76537,213.838586,84.157775,7.637321,0,0,0,0,129.635571,262.903736,128.495202,69.774879,8.179981,0,0,0,0,407.677272,827.460681,403.980889,219.528012,25.859388,0,0,0,0,18.655629,73.703496,61.5597,45.855642,6.990478,0,0,0,0,0.316366,1.68871,51.5913816480447,0.173143469750155,552.469135802469
"32","RawScanners","FFL3841",1897,2742,1345.406836,252.687667,0.254,1.292381,1848.235764,115.560073,1222.510991,3.414,588.609364,618.683087,115.297875,20.254203,2.188569,0.373737,0,0,0,93.525525,207.591717,67.628321,16.594356,2.435712,0.475961,0,0,0,294.491588,653.523165,213.073811,52.275139,7.652014,1.495274,0,0,0,13.058861,57.393139,31.702418,10.792117,2.137379,0.476158,0,0,0,0.280218,2.038045,70.6992557015239,0.164676254574536,442.558139534884
"33","RawScanners","FFW6775",2071,2933,1661.833203,315.83987,0.254,1.06087,2428.489851,128.016455,1451.575769,2.187,780.970638,744.938637,119.871513,15.608538,0.443877,0,0,0,0,130.201754,247.754481,70.280078,12.909997,0.45865,0,0,0,0,409.469328,778.8365,221.271097,40.557952,1.440893,0,0,0,0,18.648236,67.657385,32.898914,8.439617,0.372303,0,0,0,0,0.270851,1.764918,87.2353387401575,0.148808994906163,409.677419354839
"34","RawScanners","FFS2715",1367,2160,987.292282,149.512246,0.18932,1.129594,1449.826394,57.259411,717.500006,1.853,610.716692,330.608889,35.502801,9.082672,1.381227,0,0,0,0,88.598545,109.118057,21.104919,7.588156,1.460969,0,0,0,0,278.796755,343.565685,66.708899,23.838896,4.58977,0,0,0,0,11.339518,29.601913,10.092006,5.010699,1.215274,0,0,0,0,0.225206,2.187802,32.2223329634465,0.535108543117916,596.108949416342
"35","RawScanners","FFG0527",1546,2325,1270.977145,188.87059,0.18932,1.016,1930.045871,67.681645,887.990891,1.574,805.748491,410.250152,44.894356,9.981943,0.102202,0,0,0,0,115.713235,130.853148,27.366524,8.186716,0.103837,0,0,0,0,363.895277,411.776817,86.144873,25.847711,0.326213,0,0,0,0,14.772542,34.166819,13.306072,5.353354,0.082858,0,0,0,0,0.219195,1.829301,94.9908180119582,0.197690230490113,400.59880239521
"36","RawScanners","FBT2327",1899,2882,1411.957093,251.447526,0.239473,1.070958,1945.900291,116.179026,1232.269281,1.997,728.580362,527.292595,131.79374,23.126853,1.163544,0,0,0,0,111.678958,182.374047,77.557626,19.025681,1.192397,0,0,0,0,351.230474,573.56956,243.952281,59.77094,3.746027,0,0,0,0,14.824863,51.68683,36.334558,12.372874,0.9599,0,0,0,0,0.271123,2.041139,87.1578452469136,0.139439970860145,347.639484978541
"37","RawScanners","FBX4690",1512,2299,1318.778616,252.635695,0.254,1.084262,1901.127381,111.908432,1185.904637,1.289,639.592546,534.325038,122.401971,21.045772,1.413289,0,0,0,0,102.963591,184.317576,71.149004,17.19278,1.466909,0,0,0,0,323.78782,579.450228,223.88861,54.169549,4.608431,0,0,0,0,14.247124,52.304689,33.00127,11.158931,1.196417,0,0,0,0,0.280213,1.74328,90.3273024657534,0.130463806337667,339.53488372093
"38","RawScanners","FCR0255",479,717,304.72526,56.347558,0.26774,1.365209,336.196211,38.702267,328.107199,0.374,118.850528,124.853352,44.087228,13.966048,2.270227,0.697877,0,0,0,18.893165,44.027473,26.415539,11.678057,2.477368,0.89883,0,0,0,59.427581,138.398421,82.986862,36.687698,7.78288,2.823757,0,0,0,2.59712,12.756102,12.590495,7.716166,2.132439,0.909946,0,0,0,0.332226,2.352939,95.22664375,0.0826824950590104,363.636363636364
"39","RawScanners","FCV8597",2125,3024,1298.681159,235.84003,0.254,1.212242,1644.720029,121.514375,1225.631535,1.829,566.467696,554.825727,157.391787,17.715449,2.280499,0,0,0,0,86.768403,194.169269,91.661503,14.399976,2.506866,0,0,0,0,273.074724,610.944603,288.393983,45.342674,7.875552,0,0,0,0,11.590005,55.914874,42.545975,9.290765,2.172755,0,0,0,0,0.287812,2.328516,70.1989815675676,0.152245361917057,371.4859437751
"40","RawScanners","FCQ4012",1937,3283,1528.277981,330.536973,0.26774,3.035037,1753.998239,283.993224,1859.133309,1.949,581.913523,523.149001,255.307468,116.015868,35.88754,6.026892,2.118429,2.146236,5.713024,88.926634,180.718815,154.6446,98.112407,39.008981,8.030172,3.428512,4.017705,14.156538,279.870931,568.651547,486.383304,308.445631,122.687314,25.227528,10.770987,12.621991,44.474075,11.884671,51.521807,74.700307,65.751275,33.484807,8.42455,4.366481,5.914888,27.944439,0.372248,2.148169,31.7070120539419,0.16972235929122,483.45035105316
"41","RawScanners","FBR3362",1678,2730,1558.578073,289.019135,0.18932,1.151591,2247.039288,140.176946,1371.521623,1.471,867.086623,469.082749,187.752567,26.128051,8.528084,0,0,0,0,128.233746,163.049146,114.248697,21.30244,9.327019,0,0,0,0,403.275893,512.945856,359.074589,66.92359,29.301695,0,0,0,0,16.466655,46.67945,55.283434,13.726242,8.021164,0,0,0,0,0.275439,1.751597,80.7972044064282,0.137611786748443,334.895833333333
"42","RawScanners","FBI0246",2140,3405,1818.160603,277.425968,0.18932,0.965349,2706.64934,101.057407,1310.499785,1.72,1124.136202,604.827197,81.39532,7.801884,0,0,0,0,0,162.858668,200.19955,47.221418,6.202843,0,0,0,0,0,512.127747,629.802056,148.961899,19.608082,0,0,0,0,0,20.759108,54.407741,21.95692,3.933638,0,0,0,0,0,0.227104,1.872772,176.178353003876,0.102120174130334,326.582278481013
"43","RawScanners","FBQ2034",633,849,564.748746,129.634149,0.26774,1.100667,817.011222,67.237908,596.812856,1.124,224.986441,219.481772,98.391103,21.413492,0.475938,0,0,0,0,34.851802,78.078092,58.808554,17.606225,0.49542,0,0,0,0,109.57904,245.613298,184.752521,55.311586,1.556409,0,0,0,0,4.619461,22.834569,27.942442,11.435991,0.405446,0,0,0,0,0.327796,1.503323,58.950808559499,0.14247915030313,246.272493573265
"44","RawScanners","FBJ6221",1752,2720,1371.864152,255.655403,0.254,1.669888,1755.392783,161.544886,1372.17956,1.87,646.975263,488.515512,152.664464,62.445457,17.030853,3.474858,0.757745,0,0,99.577588,168.699732,91.110132,52.437959,18.484001,4.574641,1.194205,0,0,313.289285,531.087122,286.612334,164.851869,58.215584,14.371659,3.751707,0,0,13.248985,47.951833,43.374636,34.853815,15.892116,4.743349,1.480152,0,0,0.30963,1.982704,99.8445525473071,0.0850537602285968,392.571428571429
"45","RawScanners","FBN8285",1021,1582,871.727642,167.729055,0.254,0.863434,1270.70415,65.396899,760.115964,1.266,414.473819,384.935674,67.86537,4.452779,0,0,0,0,0,71.153538,128.18162,38.964399,3.469195,0,0,0,0,0,223.722438,402.892477,122.496025,11.005024,0,0,0,0,0,10.304719,35.141728,17.782818,2.167633,0,0,0,0,0,0.270632,1.814787,159.950026055046,0.0833372848458762,219.758064516129
"46","RawScanners","FCK8784",225,279,147.767292,23.197086,0.18932,0.682604,221.800136,7.67729,107.099348,1.441,90.587243,53.284866,3.895183,0,0,0,0,0,0,14.379637,17.438043,2.20793,0,0,0,0,0,0,45.174962,54.98797,6.936416,0,0,0,0,0,0,1.978245,4.707845,0.9912,0,0,0,0,0,0,0.226838,1.888104,17.0829239306358,1.1266996557379,640.740740740741
"47","RawScanners","FCW1015",1066,1464,945.85676,225.080195,0.30527,1.25866,1302.645538,133.258139,1068.862856,1.749,357.477114,364.26622,148.012266,67.360165,8.681128,0.059868,0,0,0,57.37917,126.52923,89.980961,56.619049,9.351261,0.075354,0,0,0,180.341601,397.834471,283.055778,178.016419,29.377854,0.236731,0,0,0,7.906099,36.04677,43.620785,37.671905,7.938088,0.074491,0,0,0,0.349137,1.547803,66.097607267645,0.107385560892457,285.62874251497
"48","RawScanners","FCO4501",437,511,394.771836,89.309857,0.26774,0.871697,616.626768,34.691374,378.641552,0.924,158.008006,205.216081,28.383752,3.163998,0,0,0,0,0,28.301385,73.610707,15.918016,2.561038,0,0,0,0,0,88.96845,231.320513,50.306851,8.045739,0,0,0,0,0,4.239901,21.65099,7.169805,1.630677,0,0,0,0,0,0.297589,1.294419,80.0754231237323,0.142110254843178,337.671232876712
"49","RawScanners","FCS7407",851,1060,793.940839,190.107147,0.30527,1.203339,1204.191418,85.650832,824.229841,1.683,264.841279,416.384658,96.361381,14.566494,1.787026,0,0,0,0,42.149428,149.207193,57.021476,11.968312,1.916697,0,0,0,0,132.555565,468.914983,179.13825,37.599562,6.021481,0,0,0,0,5.821249,43.606345,26.830142,7.773455,1.61964,0,0,0,0,0.321761,1.335112,60.5137834603659,0.153180064847473,473.646209386282
"50","RawScanners","FCC1836",1733,2247,1520.106423,319.800436,0.254,1.103918,2275.713842,145.687934,1435.75838,2.097,680.774495,620.698886,185.35792,31.381639,1.893482,0,0,0,0,101.275957,218.460094,109.302461,25.590481,1.983014,0,0,0,0,318.382571,686.935302,343.815818,80.394867,6.229821,0,0,0,0,13.193007,63.022873,51.368019,16.471014,1.633019,0,0,0,0,0.293904,1.478186,123.686446135069,0.0843583930567647,287.822014051522
"51","RawScanners","FEO1874",821,1241,493.071098,70.756131,0.18932,1.019522,645.50611,32.584404,380.875983,0.838,289.048558,163.020144,36.451669,4.423726,0.127,0,0,0,0,42.084821,53.535816,21.619472,3.678287,0.129479,0,0,0,0,132.493004,168.500955,67.919575,11.555678,0.406771,0,0,0,0,5.396749,14.476356,10.186638,2.420984,0.103678,0,0,0,0,0.239543,2.516878,56.8709455594002,0.26607821336858,378.602620087336
"52","RawScanners","FEK5954",105,107,81.048874,15.869144,0.254,0.493687,135.913567,4.098525,62.766359,0.282,35.698179,45.350695,0,0,0,0,0,0,0,7.077384,12.901769,0,0,0,0,0,0,0,22.234257,40.532102,0,0,0,0,0,0,0,1.142109,2.956416,0,0,0,0,0,0,0,0.238245,1.320191,27.9478875862069,0.707571626377782,547.169811320755
"53","RawScanners","FEU2975",699,924,565.785201,130.440599,0.26774,1.197367,755.181165,84.361071,653.553293,0.835,218.408699,207.47552,79.943223,54.722437,5.235323,0,0,0,0,36.504606,71.425084,47.532531,46.816479,5.571112,0,0,0,0,114.809848,224.438875,149.599726,147.202678,17.502165,0,0,0,0,5.202357,20.222951,22.58048,31.689116,4.666167,0,0,0,0,0.357276,1.633129,52.7784702425373,0.12707282959933,365.870307167236
"54","RawScanners","FGC0245",1182,1713,738.604373,113.510526,0.18932,1.439333,951.96944,62.550818,624.79288,1.465,421.721542,231.975607,62.848461,16.309424,4.55799,1.19135,0,0,0,62.43491,79.113373,36.773385,13.56251,5.023285,1.571888,0,0,0,196.475051,249.062973,115.752461,42.783049,15.781114,4.938233,0,0,0,8.103915,22.266796,17.197278,8.986802,4.364647,1.631378,0,0,0,0.262754,2.319239,54.955682514881,0.214865295606526,358.4
"55","RawScanners","FDY4037",650,1023,544.529008,96.6378,0.239473,0.957894,780.301814,43.493175,464.218497,0.649,299.944602,172.540587,63.914787,8.129032,0,0,0,0,0,46.974343,56.11715,37.943242,6.599068,0,0,0,0,0,147.742749,176.473461,119.270704,20.731583,0,0,0,0,0,6.375762,15.026298,17.868245,4.22287,0,0,0,0,0,0.267274,1.878688,95.0312404886562,0.131744808237154,333.139534883721
"56","RawScanners","FCF2601",992,1426,620.26026,130.523036,0.26774,1.22108,731.894787,81.023033,687.315761,0.734,222.165364,249.094953,120.51949,24.920928,3.559525,0,0,0,0,35.062717,86.878892,71.909464,20.851632,3.794934,0,0,0,0,110.390135,273.28697,226.073126,65.507335,12.058194,0,0,0,0,4.833305,24.999513,34.126595,13.804379,3.259242,0,0,0,0,0.336295,2.299035,134.839186956522,0.0567739793201768,161.971830985915
"57","RawScanners","FCB1397",526,720,399.09491,55.587702,0.169333,1.212242,631.165846,18.126851,255.088372,0.966,296.402826,87.916932,11.088627,2.879183,0.807342,0,0,0,0,43.597438,27.678408,6.480429,2.417648,0.886951,0,0,0,0,137.343162,87.004642,20.358867,7.595265,2.786437,0,0,0,0,5.612228,7.129794,3.010184,1.606646,0.767999,0,0,0,0,0.201425,1.804082,249.43431875,0.0882668478932165,340.425531914894
"58","RawScanners","FCJ1591",1038,1497,751.616531,150.938766,0.254,1.325243,967.568827,100.974281,798.817608,1.125,329.78896,274.555942,86.233657,42.561252,17.362772,1.113947,0,0,0,49.80957,96.042242,51.407132,36.646693,18.632761,1.423972,0,0,0,156.586179,301.933751,161.863581,115.128983,58.831574,4.47354,0,0,0,6.61103,27.575581,24.477572,24.971518,15.90861,1.429969,0,0,0,0.324995,1.991707,98.8969119736842,0.0752666909309312,305.220883534137
"59","RawScanners","FCN7125",1288,1880,1109.195492,244.390192,0.26774,1.737215,1442.829397,166.356321,1264.396461,0.775,421.504677,442.674477,157.813786,59.825775,17.191677,6.191971,3.99313,0,0,67.376536,156.784014,93.68689,50.752148,18.782574,8.284238,6.363398,0,0,211.906993,492.895507,294.736398,159.686646,59.154011,26.0257,19.991205,0,0,9.261345,45.616114,44.383175,34.130794,16.257364,8.731247,7.976284,0,0,0.353628,1.694922,71.560999483871,0.093173495944287,288.640595903166
"60","RawScanners","FCU3875",2572,3628,1908.71411,477.221268,0.35921,1.83162,2196.480597,345.658407,2524.066237,2.127,432.929264,879.623734,412.248026,142.470552,32.780187,6.840251,1.448359,0.373737,0,70.080601,317.846382,247.637209,119.421213,35.71002,9.086132,2.282998,0.670848,0,220.558722,999.532782,778.586956,375.376737,112.186335,28.544925,7.172249,2.10753,0,9.828182,94.147841,118.510565,79.228066,30.65987,9.506109,2.831916,0.945858,0,0.404853,1.900756,87.5556931192661,0.0630680450945896,302.777777777778
"61","RawScanners","FBD8952",1379,1951,1118.851924,227.270155,0.254,1.969296,1568.833314,131.145225,1122.517225,1.607,513.472114,417.958041,124.524654,48.318586,10.110706,2.216376,1.169561,1.081885,0,82.169601,142.352306,74.064469,40.515575,11.04665,2.949003,1.893165,2.007574,0,258.375282,447.573118,232.902183,127.443469,34.704074,9.264565,5.947553,6.306981,0,11.26715,39.880477,35.126861,26.926,9.512029,3.091912,2.410861,2.929935,0,0.309491,1.743752,72.5114662346079,0.117655827728383,311.088709677419
"62","RawScanners","FBP4231",2204,3413,1770.0022,365.361276,0.254,2.878667,2250.49038,273.931953,1958.051618,1.75,774.486589,618.308281,214.249974,114.11822,35.531124,5.060489,2.325841,1.557824,4.363858,121.109823,211.972232,129.910304,97.10039,38.402602,6.822665,3.743292,2.941819,10.462887,380.994734,666.999992,408.442579,305.33175,120.645331,21.434035,11.759899,9.241997,33.201301,16.371213,59.889159,62.831371,65.472015,32.693977,7.241795,4.742478,4.369435,20.32051,0.338932,1.928246,89.9848601931876,0.0718061539903671,230.597889800703
"63","RawScanners","FBM2759",2284,3741,1988.751453,395.914979,0.254,1.606437,2569.774959,278.845597,2103.471968,2.665,951.449103,646.512125,196.930568,130.943851,51.308907,10.96889,0.638009,0,0,147.288303,219.258262,118.061579,112.424797,55.895484,14.679153,0.982874,0,0,463.493664,689.915026,371.432323,353.316778,175.940072,46.286315,3.08779,0,0,19.766942,61.247394,56.483534,76.378045,48.18989,15.590128,1.189664,0,0,0.328903,1.88108,57.7453964285714,0.123509212160879,355.051546391753
"64","RawScanners","FBH8238",1402,2170,1300.114674,185.877764,0.169333,0.871697,2059.575599,61.002388,848.324446,1.559,920.656252,319.299997,56.228172,3.930253,0,0,0,0,0,130.415532,103.43998,32.688175,3.115095,0,0,0,0,0,410.041301,325.69703,102.799755,9.78636,0,0,0,0,0,16.248942,27.698894,15.111754,1.942798,0,0,0,0,0,0.206714,1.669084,175.928913937754,0.121142798540936,221.25748502994
"65","RawScanners","FBZ6377",795,1085,676.263396,137.721947,0.254,0.957894,1027.740089,55.738283,606.717265,0.946,301.078487,319.218,52.480533,3.486376,0,0,0,0,0,44.316636,115.466298,30.354317,2.899645,0,0,0,0,0,139.249995,362.890045,95.467723,9.109502,0,0,0,0,0,5.759771,34.097811,13.973942,1.90676,0,0,0,0,0,0.277166,1.604404,62.4435268698061,0.194300925990131,342.721518987342
"66","RawScanners","FBU8395",570,690,482.804553,118.114459,0.26774,1.070958,738.331164,56.445087,506.674551,1.647,194.917349,194.112713,71.727975,21.094639,0.951877,0,0,0,0,32.089528,68.409622,42.182424,17.50694,0.98625,0,0,0,0,100.853327,215.203158,132.519995,54.999675,3.098397,0,0,0,0,4.535954,19.894781,19.733649,11.477833,0.802871,0,0,0,0,0.322087,1.42915,28.73836625,0.297634407047685,473.239436619718
"67","RawScanners","FCD2673",804,1066,615.934267,119.913739,0.239473,1.378273,919.702451,55.705115,548.743665,1.966,308.743704,246.652384,37.339423,16.414118,5.27641,1.508227,0,0,0,48.351064,82.500359,22.197493,13.644957,5.789028,1.949206,0,0,0,152.124544,259.437036,69.893337,42.978367,18.186768,6.123613,0,0,0,6.629809,22.53841,10.543408,9.009543,5.003973,1.979971,0,0,0,0.275603,1.730704,47.5624916602317,0.232474163279261,528.571428571429
"68","RawScanners","FBY9580",1579,2506,1628.456396,308.29329,0.239473,1.52635,2330.002298,168.574005,1511.233386,2.579,861.09952,513.661814,178.246436,59.052773,11.690319,4.50113,0.204403,0,0,127.15265,178.876565,106.0107,49.657439,12.677395,6.051736,0.311186,0,0,399.668699,562.357585,333.386735,156.003446,39.82721,19.012091,0.97762,0,0,16.38395,51.301448,50.225715,33.047679,10.835372,6.407752,0.372089,0,0,0.291362,1.538881,69.4437695522388,0.139108043378337,383.79705400982
"69","RawScanners","FCL0130",1440,1881,1151.185867,207.221808,0.239473,1.281239,1753.4637,80.837207,938.94278,1.817,618.252844,452.885106,68.839553,8.773058,2.163771,0.271535,0,0,0,96.468585,152.090103,39.989635,7.355139,2.375613,0.346237,0,0,0,303.221331,478.353691,125.709963,23.106851,7.463208,1.087735,0,0,0,13.083646,41.987949,18.490045,4.874527,2.054289,0.34675,0,0,0,0.254408,1.633967,86.8819522264151,0.163909670951397,384.057971014493
"70","RawScanners","FFU7165",2771,5074,1734.518785,281.981515,0.239473,1.561176,1944.606378,187.187076,1660.956262,1.375,816.388345,633.304516,212.059856,52.094032,16.538625,2.74492,1.388491,0,0,117.119374,216.117269,127.022096,43.512345,17.744953,3.724118,2.140929,0,0,369.003078,680.327687,400.196363,137.113701,55.889846,11.699662,6.725925,0,0,14.951975,60.804181,60.84867,28.935849,15.074273,3.978921,2.593207,0,0,0.290127,2.925307,185.708649357602,0.049896607178158,125.876010781671
"71","RawScanners","FFT9800",1208,1948,730.950851,123.273947,0.254,0.883946,902.344199,58.716084,646.336946,1.277,333.205196,325.122663,67.288476,5.334516,0,0,0,0,0,50.632971,111.872241,38.608242,4.164136,0,0,0,0,0,159.363733,352.282079,121.502292,13.188842,0,0,0,0,0,6.75656,31.721331,17.637989,2.600204,0,0,0,0,0,0.270181,2.665022,157.532510991379,0.0790243436534357,147.301587301587
"72","RawScanners","FBE2394",569,807,337.416223,41.575186,0.169333,0.957894,488.330155,14.558596,212.410196,1.001,244.124934,84.067091,6.791901,2.432297,0,0,0,0,0,34.661704,26.757437,4.018251,2.020325,0,0,0,0,0,109.045527,84.393922,12.623708,6.347039,0,0,0,0,0,4.327323,7.015244,1.890299,1.325731,0,0,0,0,0,0.197782,2.391705,52.393823447205,0.442350347519775,235.036496350365
"73","RawScanners","FCG9760",711,990,385.116135,56.327844,0.18932,0.850889,537.055608,20.328279,278.100215,0.728,225.834265,148.000873,10.107181,1.173815,0,0,0,0,0,34.016653,47.586178,5.819335,0.938595,0,0,0,0,0,107.131593,149.737959,18.28198,2.948683,0,0,0,0,0,4.515818,12.552352,2.669458,0.590652,0,0,0,0,0,0.223331,2.570653,56.7181347569956,0.334017454207511,17.374616171955
"74","RawScanners","FEG8108",1352,2008,955.79856,153.83661,0.18932,1.139073,1301.586866,76.028419,797.330366,1.194,553.198707,282.460758,103.127024,15.581248,1.430824,0,0,0,0,82.322136,95.297738,61.478776,12.731758,1.505051,0,0,0,0,258.947952,300.166849,193.489312,39.997998,4.728256,0,0,0,0,10.735988,26.593538,29.231233,8.22316,1.2445,0,0,0,0,0.258114,2.100861,100.822632911392,0.12469021616772,356.390977443609
"75","RawScanners","FBS3237",1093,1842,712.679959,106.200504,0.18932,1.100667,893.730254,58.275946,601.225524,1.384,394.878684,230.701441,73.352717,13.253644,0.493473,0,0,0,0,55.671404,79.997697,43.93493,10.774232,0.510597,0,0,0,0,175.399129,251.709401,138.460728,34.052177,1.604089,0,0,0,0,6.972219,22.820836,21.064941,7.002741,0.415209,0,0,0,0,0.260309,2.58461,48.8136958219178,0.250532183553056,443.768996960486
"76","RawScanners","FCM1008",4338,8532,3147.104255,528.081381,0.239473,3.557008,3359.027255,556.507605,3450.130172,1.894,1495.314966,1021.394647,355.943181,136.201694,53.337987,37.920056,23.68849,9.462425,13.84081,218.560901,349.253899,212.2983,115.282972,58.482371,51.556304,37.843931,17.766729,34.862801,688.852059,1099.440994,668.676234,362.59648,183.87417,162.242877,119.106809,55.815827,109.524721,28.203837,98.48392,101.281773,77.376768,50.625489,55.392778,47.759287,26.23766,71.146093,0.333121,2.711064,97.7361569875777,0.0578608445072372,414.414414414414
"77","RawScanners","FBK1070",2044,3193,1276.649598,196.300683,0.18932,1.686971,1643.702569,119.536902,1093.476207,1.441,749.374538,378.443115,84.731963,43.544674,16.248309,3.411981,0.895017,0,0,111.957382,123.451338,51.011518,37.534097,17.575146,4.523826,1.410147,0,0,352.277099,388.801529,160.624658,117.916844,55.213951,14.212019,4.430107,0,0,14.65107,33.285258,24.558448,25.601843,14.970868,4.722549,1.746866,0,0,0.26261,2.501078,44.7947227368421,0.238420098924766,443.234836702955
"78","RawScanners","FBO8536",2160,3490,1676.439751,284.755703,0.18932,1.47864,2287.596081,154.319045,1461.362817,1.712,927.648995,534.827449,142.697475,55.760743,12.780714,2.724376,0,0,0,135.589726,179.492383,85.393704,46.313314,13.990925,3.611785,0,0,0,426.584321,564.820767,268.682653,145.827718,44.100601,11.346757,0,0,0,17.378161,49.667951,40.792702,30.561702,12.148595,3.769935,0,0,0,0.271158,2.081793,56.4457828619529,0.192458422743609,424.285714285714
"79","RawScanners","FBG3400",1288,2110,1040.66014,215.268387,0.26774,1.643929,1157.373724,185.679997,1267.151891,0.74,407.211694,347.502559,156.042835,85.820079,30.667259,12.185039,1.230675,0,0,63.501564,120.755564,94.645259,72.326713,33.574928,16.339144,1.924679,0,0,199.698977,379.808292,297.408067,227.221072,105.637989,51.330935,6.046559,0,0,8.517135,34.566901,45.692476,48.219047,29.061367,17.256828,2.366243,0,0,0.375355,2.027559,39.1225616541353,0.143257219031515,420.886075949367
"80","RawScanners","FFH9263",2744,3574,2183.314879,528.1907,0.30527,1.574891,3031.209407,300.048678,2478.920015,2.388,719.169723,979.343673,373.132881,80.895616,23.464059,5.828506,1.48042,0,0,115.477952,348.506539,221.427876,67.279244,25.593702,7.882023,2.256441,0,0,363.0073,1095.806351,696.091214,211.60775,80.556476,24.762107,7.088817,0,0,16.050703,101.875764,104.589881,44.34969,22.084325,8.396786,2.70153,0,0,0.348295,1.63696,68.7874883112791,0.105782835677083,260.16393442623
"81","RawScanners","FBF4179",4201,7105,3376.083059,650.099058,0.254,1.862667,4177.694823,446.011909,3545.393863,2.515,1533.878192,1157.150273,445.848836,164.713264,55.488994,16.268853,2.325841,0.408807,0,235.37788,399.474921,266.735955,138.395365,60.950811,21.745513,3.713398,0.737747,0,740.643855,1256.69062,838.958217,435.00366,191.629002,68.484822,11.665985,2.317702,0,31.53703,113.65541,127.208872,92.031121,52.857029,23.012101,4.6642,1.046145,0,0.324165,2.10451,77.8437412727692,0.0972395559958019,355.491803278689
"82","RawScanners","FFC7215",1251,1672,1056.099345,232.200252,0.26774,1.606437,1456.637541,132.640612,1125.691055,0.846,404.208306,454.402661,139.653,41.954789,11.690319,3.73913,0.45114,0,0,65.749156,155.82848,82.997305,34.874773,12.922111,4.885947,0.697842,0,0,206.652612,489.953943,261.078116,109.868388,40.596008,15.349654,2.192335,0,0,9.211874,43.922381,39.334563,23.040851,11.259608,5.023165,0.848169,0,0,0.330556,1.583184,97.5160983379501,0.081649201075761,384.042553191489
"83","RawScanners","FCH5965",2492,3456,1744.973304,308.252072,0.239473,1.197367,2447.001567,145.970827,1517.410689,2.47,901.846544,645.782917,158.531262,36.240003,2.572578,0,0,0,0,135.862016,219.741596,94.130125,30.092534,2.754886,0,0,0,0,427.231408,691.154395,295.71851,94.651646,8.65473,0,0,0,0,17.903151,61.476393,44.475775,19.791594,2.323913,0,0,0,0,0.268524,1.980546,150.558524935289,0.0793994268457491,298.711340206186
"84","RawScanners","FET3274",1423,1943,1383.28009,246.546102,0.18932,1.176227,2167.561753,97.120865,1100.017616,1.895,801.318659,472.658297,84.725643,21.330588,3.246903,0,0,0,0,122.101291,155.937675,50.377455,17.845621,3.448994,0,0,0,0,383.823212,490.679624,158.504303,56.175142,10.835335,0,0,0,0,16.156631,42.3263,23.898453,11.857261,2.882221,0,0,0,0,0.250269,1.404632,137.776901394422,0.103376344516701,525.65445026178
"85","RawScanners","FCX5914",565,653,469.569174,89.397671,0.18932,0.965349,736.75009,36.292687,392.562042,0.882,258.360025,164.913626,37.870673,8.42485,0,0,0,0,0,37.766657,58.118684,22.206273,6.751231,0,0,0,0,0,118.761507,182.827854,69.763063,21.209618,0,0,0,0,0,4.846897,16.830427,10.345326,4.270037,0,0,0,0,0,0.262359,1.390636,39.5593238416175,0.327063135336328,401.013513513514
"86","RawScanners","FCT4052",1670,2068,1370.643999,301.565705,0.254,1.514563,1965.250259,163.458994,1412.493409,1.229,600.041768,501.36658,203.993701,51.486322,10.625453,2.925771,0.204403,0,0,93.486535,175.924104,121.350824,42.513504,11.653613,3.908244,0.307948,0,0,293.965823,553.232861,381.662863,133.775397,36.610906,12.278111,0.967447,0,0,12.649484,50.839476,57.579939,27.837916,10.073313,4.11448,0.364387,0,0,0.318444,1.50878,76.2740121869783,0.109935828921105,373.596673596674
"87","RawScanners","FCP0847",1248,1599,922.221553,178.755915,0.254,1.325243,1329.250634,82.434882,838.902823,1.119,441.975531,370.106796,89.644303,17.220213,2.671771,0.602938,0,0,0,70.062834,125.598079,53.073822,14.237836,2.972966,0.772668,0,0,0,220.209599,394.965703,167.128818,44.831447,9.339847,2.427409,0,0,0,9.571347,35.040514,25.093303,9.343176,2.608539,0.778002,0,0,0,0.282473,1.733857,87.8306240952381,0.127373264148058,345.394736842105
"88","RawScanners","FEP9413",1183,1596,1035.434396,191.594599,0.239473,1.401483,1563.096775,81.013861,875.014847,1.107,557.329109,377.731869,82.11116,15.336487,2.065824,0.859947,0,0,0,86.272019,127.932702,47.864188,12.74794,2.286347,1.128939,0,0,0,271.13361,402.436162,150.506768,40.208871,7.18277,3.546666,0,0,0,11.548572,35.648181,22.215468,8.440884,1.994824,1.165932,0,0,0,0.265909,1.541382,102.113845759369,0.125163766728758,422.5
"89","RawScanners","FFO5284",1065,1279,952.570866,151.569589,0.18932,0.846667,1561.403191,48.556874,658.971814,1.898,636.62487,273.314907,38.735907,3.895183,0,0,0,0,0,95.135387,88.659902,22.834873,3.013428,0,0,0,0,0,298.924406,278.763755,71.816691,9.466962,0,0,0,0,0,12.45236,23.527825,10.744207,1.832481,0,0,0,0,0,0.218734,1.342682,120.731415209125,0.162489867037157,330.125523012552
"90","RawScanners","FEH0081",1778,3178,1269.025896,177.623301,0.169333,1.401483,1683.882809,95.006681,974.513859,0.912,818.215123,321.54758,84.032751,38.27097,6.194463,0.765009,0,0,0,112.374628,107.604687,49.195789,32.629664,6.601033,0.992706,0,0,0,354.206195,339.036146,154.805257,102.609826,20.737757,3.118677,0,0,0,13.663653,29.783158,22.960173,22.048665,5.537828,1.013205,0,0,0,0.239875,2.504283,124.414303529412,0.107360870758131,430.379746835443
"91","RawScanners","FED1194",990,1576,671.298539,116.075037,0.239473,1.27,844.402364,68.7163,631.288313,1.25,329.844058,240.133051,69.871112,28.10547,3.122911,0.221938,0,0,0,49.151491,82.244839,41.970375,23.775083,3.2647,0.281183,0,0,0,154.667249,258.800771,131.853822,74.691627,10.391481,0.883362,0,0,0,6.454662,23.258745,20.056817,15.90804,2.75824,0.279796,0,0,0,0.287744,2.347689,47.1086694035088,0.207374378422587,494.791666666667
"92","RawScanners","FDZ1151",1467,2231,974.519295,142.712976,0.18932,1.084262,1379.79729,53.601286,704.689383,1.646,587.775801,339.730281,44.335425,2.336113,0.341675,0,0,0,0,86.3658,109.999389,25.0223,1.969912,0.359022,0,0,0,0,271.884267,346.316469,79.172083,6.188662,1.127902,0,0,0,0,11.195498,29.434724,11.362265,1.31234,0.296458,0,0,0,0,0.225885,2.289334,74.9630226923077,0.242531494486905,414.012738853503
"93","RawScanners","FDV4335",1939,3072,1397.918324,198.772004,0.18932,1.25866,1931.141302,86.796253,1039.834186,2.165,839.984087,472.025753,72.164375,11.632943,1.906762,0.204403,0,0,0,117.398069,158.438554,42.852501,9.487317,2.077238,0.256912,0,0,0,369.245365,498.688502,134.762087,29.805285,6.525835,0.807112,0,0,0,14.564655,43.793216,20.290706,6.111476,1.782587,0.253614,0,0,0,0.234339,2.197553,77.4469985595568,0.207958285941215,413.990825688073
"94","RawScanners","FDR6843",1803,2998,1415.808216,222.884859,0.18932,1.151591,1997.583842,98.883783,1110.497036,2.309,855.388738,430.790542,103.37264,24.43721,1.819087,0,0,0,0,127.537828,142.336809,60.689459,20.526521,1.905378,0,0,0,0,401.300702,447.934502,190.661558,64.614352,5.985922,0,0,0,0,16.578001,38.716184,28.342651,13.677248,1.569698,0,0,0,0,0.245409,2.117518,85.3410618444846,0.167772707482277,435.433070866142
"95","RootPainter","FCI1638",347,680,1318.066891,283.757497,0.239473,1.06087,2406.027301,89.878793,1077.147908,3.909,820.852856,378.481872,107.248009,11.237417,0.246737,0,0,0,0,149.342806,120.888199,63.24968,9.055646,0.256498,0,0,0,0,469.174261,379.941852,198.776829,28.449152,0.805813,0,0,0,0,22.307787,31.929874,29.674338,5.757329,0.209465,0,0,0,0,0.2628,0.515907,93.4799213475177,0.156877941162383,792.134831460674
"96","RootPainter","FBW8179",290,602,1551.731842,412.28233,0.254,1.176227,2894.052828,144.313764,1494.570042,4.894,715.752632,617.063721,193.857806,23.348061,1.709622,0,0,0,0,133.431975,208.254718,113.097849,19.027477,1.851735,0,0,0,0,419.188914,654.407677,355.379472,59.776581,5.817398,0,0,0,0,20.358657,57.68351,52.451223,12.242544,1.577831,0,0,0,0,0.308655,0.387954,49.5760971884984,0.216888529080289,299.808429118774
"97","RootPainter","FBC0289",251,534,1185.77074,291.03526,0.254,1.100667,2186.728143,96.305368,1075.458545,3.565,589.695682,481.008575,99.964699,13.970302,1.131482,0,0,0,0,111.882007,159.624429,58.153726,11.441776,1.204199,0,0,0,0,351.48769,501.474932,182.767419,35.945401,3.783104,0,0,0,0,17.317964,43.670981,26.910259,7.398892,1.007272,0,0,0,0,0.291187,0.45034,64.7962153005465,0.190020560432312,347.248576850095
"98","RootPainter","FCE1581",218,435,1068.890457,287.8686,0.26774,1.151591,1964.820178,104.231651,1067.405072,5.571,392.957395,553.353248,96.156675,23.730824,2.692314,0,0,0,0,75.473467,185.642676,56.024633,19.715967,2.835206,0,0,0,0,237.106889,583.261439,176.078675,62.051006,8.907063,0,0,0,0,11.850593,51.054883,25.985129,12.992552,2.348493,0,0,0,0,0.31962,0.406964,60.0500256741573,0.17077346304339,37.3949579831933
"99","RootPainter","FCA5827",380,843,1561.236903,315.77177,0.239473,0.757282,2941.234821,75.958142,1147.428124,4.88,960.079602,584.277,16.820432,0.059868,0,0,0,0,0,174.644977,181.171741,9.311505,0.045337,0,0,0,0,0,548.6793,569.353437,29.252955,0.142431,0,0,0,0,0,26.15005,45.695511,4.085616,0.026965,0,0,0,0,0,0.23528,0.539956,112.319201654676,0.182995524034803,463.333333333333
"100","RootPainter","FEY3832",178,314,932.442329,212.711044,0.239473,1.31438,1780.029271,60.220092,763.42978,3.584,508.670699,382.843629,32.845557,6.542155,0.927079,0.61321,0,0,0,95.571517,120.637904,19.46901,5.496651,1.001673,0.78487,0,0,0,300.246776,379.138473,61.1637,17.26824,3.146849,2.465742,0,0,0,14.745116,31.020149,9.158685,3.652756,0.854204,0.789182,0,0,0,0.26147,0.33675,87.7179989651928,0.176519159087303,356.711409395973
"101","RootPainter","FGO9191",227,495,1098.931528,291.31483,0.254,1.113616,1965.882553,114.766749,1109.321506,2.946,466.462942,455.672573,139.319834,35.290618,2.185561,0,0,0,0,88.76016,149.281346,83.454635,29.248404,2.2894,0,0,0,0,278.864189,469.028952,262.349431,91.886573,7.192361,0,0,0,0,13.821276,40.12367,39.777347,19.158526,1.88593,0,0,0,0,0.324198,0.450438,76.3146894444445,0.12547188210411,279.611650485437
"102","RootPainter","FEL2208",214,355,961.957474,214.241507,0.239473,1.030014,1827.547512,56.500935,771.098144,3.517,520.492789,416.258211,22.893912,2.143227,0.169333,0,0,0,0,99.367448,130.932779,13.144294,1.791561,0.173529,0,0,0,0,312.187969,411.442645,41.294018,5.628355,0.545157,0,0,0,0,15.495567,33.67473,6.00469,1.18628,0.139667,0,0,0,0,0.256532,0.369039,96.0037399201597,0.177342197965396,385.384615384615
"103","RootPainter","FFY6725",430,964,2294.106374,491.868192,0.239473,1.135923,4269.881912,136.758801,1806.675895,5.824,1412.215738,762.976714,108.60182,9.307619,1.004482,0,0,0,0,264.417817,239.178668,62.823499,7.536917,1.065071,0,0,0,0,830.693072,751.593037,197.365843,23.677924,3.346019,0,0,0,0,40.526107,61.660872,28.857481,4.826088,0.888253,0,0,0,0,0.252074,0.420207,114.7053187,0.1462428732466,249.687890137328
"104","RootPainter","FGG8281",295,611,1706.601931,404.033242,0.239473,1.100667,3155.096001,134.684547,1500.706443,3.784,923.784075,619.223399,130.626672,30.599612,2.368174,0,0,0,0,172.905342,199.208551,77.452298,25.610726,2.467161,0,0,0,0,543.198151,625.975438,243.32357,80.458468,7.750816,0,0,0,0,26.394133,52.803726,36.517036,16.94969,2.019962,0,0,0,0,0.282291,0.358021,68.3187322257806,0.18547042371535,332.18085106383
"105","RootPainter","FGE4515",162,321,860.967233,222.990593,0.254,1.338698,1598.538373,78.317388,816.460233,2.906,378.210477,376.860618,92.713879,10.32061,2.530244,0.331403,0,0,0,67.694422,126.351163,54.231816,8.332514,2.796808,0.429953,0,0,0,212.684224,397.087202,170.374274,26.177364,8.786431,1.350738,0,0,0,10.061428,34.870849,25.198429,5.314032,2.434306,0.438344,0,0,0,0.303046,0.372836,50.1436944088526,0.219236116505826,402.107728337237
"106","RootPainter","FGJ9233",423,907,2066.733494,412.278745,0.18932,0.931333,3907.791372,103.190068,1498.229623,5.85,1421.238239,585.142484,50.027905,10.324865,0,0,0,0,0,258.942394,179.567819,29.938472,8.313289,0,0,0,0,0,813.491522,564.465934,94.054485,26.217682,0,0,0,0,0,38.610702,45.018324,14.242225,5.318816,0,0,0,0,0,0.232929,0.438857,149.007461715934,0.134412160674223,308.90868596882
"107","RootPainter","FGA6390",266,821,1569.506216,444.943555,0.26774,1.745448,2726.907657,216.528368,1743.151105,4.569,614.55489,659.854993,167.611869,94.736123,26.054386,5.128867,1.565087,0,0,109.965462,225.936238,100.713295,80.446045,28.266216,6.888573,2.524749,0,0,345.466688,710.181807,316.400149,252.728704,88.800935,21.641091,7.931731,0,0,16.30006,63.343173,48.204522,54.021124,24.167425,7.28808,3.203984,0,0,0.357461,0.523094,46.3528120496161,0.156376738589745,315.858208955224
"108","RootPainter","FEC6189",214,334,949.475283,191.868792,0.18932,1.023031,1796.568272,50.716781,702.783463,3.005,622.22285,295.75282,26.035089,5.362323,0.102202,0,0,0,0,109.16499,94.511636,15.481672,4.409658,0.104556,0,0,0,0,342.951932,297.012606,48.637106,13.853349,0.328471,0,0,0,0,15.766462,24.671746,7.331897,2.862667,0.084009,0,0,0,0,0.237315,0.351773,105.030451659292,0.178244750982914,322.857142857143
"109","RootPainter","FGB1616",140,268,622.612484,166.284614,0.239473,1.338698,1131.234228,74.495702,632.737605,3.094,321.796381,180.254066,79.283122,33.265365,7.301147,0.712403,0,0,0,54.849562,61.754814,48.110249,27.777365,7.969692,0.911824,0,0,0,172.31498,194.112545,151.142805,87.265167,25.037527,2.864581,0,0,0,7.759206,17.375369,23.246012,18.342605,6.85551,0.916999,0,0,0,0.326287,0.430444,37.0602669047619,0.225516366031426,330.708661417323
"110","RootPainter","FGM0803",213,418,1185.570983,274.992282,0.239473,1.016,2225.569651,80.235187,996.02582,4.192,635.09941,494.831297,42.878343,12.659731,0.102202,0,0,0,0,119.627421,161.744559,25.046923,10.522126,0.103837,0,0,0,0,375.820626,508.135519,78.687228,33.056234,0.326213,0,0,0,0,18.328087,43.254324,11.656892,6.913026,0.082858,0,0,0,0,0.268667,0.352573,55.091588429368,0.268211501769168,376.223776223776
"111","RootPainter","FGN0784",187,315,1029.429507,240.348982,0.239473,1.06087,1951.902229,69.112244,865.508129,4.208,560.829797,416.208099,49.906709,2.135964,0.348938,0,0,0,0,105.265306,139.31995,28.775551,1.749786,0.358789,0,0,0,0,330.700711,437.782076,90.401058,5.497114,1.127169,0,0,0,0,16.097226,38.414259,13.177575,1.133367,0.289817,0,0,0,0,0.268579,0.305995,99.2699621022179,0.150045771918504,347.986577181208
"112","RootPainter","FFX9242",305,621,1685.012395,453.771494,0.26774,1.25866,3106.594964,166.889415,1681.134227,4.954,633.658314,850.757923,154.585664,40.376635,5.591525,0.042333,0,0,0,121.05102,281.690781,92.375894,33.700077,6.112299,0.053283,0,0,0,380.30892,885.053232,290.298213,106.104114,19.202353,0.167394,0,0,0,18.963777,76.403432,43.886733,22.315278,5.267521,0.052673,0,0,0,0.319616,0.368543,68.4130083231831,0.147582757120935,329.718875502008
"113","RootPainter","FFP1160",279,618,1522.145274,376.762687,0.254,1.590742,2813.903757,127.253429,1389.679655,4.383,734.466635,658.148379,104.806988,18.748984,3.855858,1.505219,0.61321,0,0,138.902115,219.063647,61.49686,15.501743,4.331303,2.035622,0.951228,0,0,436.373865,688.416892,193.198083,48.700162,13.607188,6.395095,2.988371,0,0,21.499994,59.768933,28.690737,10.13007,3.833524,2.170943,1.159228,0,0,0.292568,0.406006,83.3139175697865,0.143571769684886,319.405594405594
"114","RootPainter","FGF3594",230,468,1196.854258,281.12847,0.254,1.084262,2230.151067,82.905509,1028.36304,4.023,584.039215,548.138469,58.563768,5.372595,0.74021,0,0,0,0,112.152762,176.372481,33.639243,4.35797,0.770047,0,0,0,0,352.338293,554.233809,105.680798,13.690965,2.419175,0,0,0,0,17.633415,46.499806,15.350291,2.792515,0.629482,0,0,0,0,0.275563,0.391025,76.9681194855306,0.187562927814604,372.901678657074
"115","RootPainter","FDB8375",273,491,1272.809424,272.266481,0.239473,0.911888,2408.6491,67.709641,981.895891,4.941,734.539392,521.66552,14.994082,1.610429,0,0,0,0,0,140.397952,162.197914,8.555177,1.314664,0,0,0,0,0,441.073174,509.815696,26.876881,4.130139,0,0,0,0,0,21.927076,41.056328,3.880474,0.845764,0,0,0,0,0,0.246384,0.385761,123.814146303502,0.151824760081064,448.908296943231
"116","RootPainter","FEV1588",142,297,768.040441,190.698543,0.254,1.176227,1413.54203,62.105082,706.114674,3.364,328.13723,386.986581,43.526107,8.565646,0.824877,0,0,0,0,62.393804,129.043686,25.225875,7.191254,0.893456,0,0,0,0,196.015915,405.45047,79.249424,22.591991,2.806873,0,0,0,0,9.696902,35.264342,11.615059,4.767265,0.761514,0,0,0,0,0.294943,0.386698,84.1227208105148,0.147008903393767,409.417040358744
"117","RootPainter","FGK3505",320,803,1634.273812,416.015297,0.254,1.047269,2988.321647,140.464301,1536.292307,5.66,701.123903,781.083915,131.706581,19.908273,0.45114,0,0,0,0,129.770794,265.200323,77.187516,16.33662,0.46095,0,0,0,0,407.686974,833.342477,242.491733,51.323006,1.448118,0,0,0,0,19.742735,73.803176,35.967989,10.580462,0.369938,0,0,0,0,0.300633,0.49135,48.8572141106129,0.238138799409253,489.751098096633
"118","RootPainter","FEZ5712",51,66,277.937234,73.73462,0.26774,0.863434,532.245418,21.533563,259.215384,2.248,84.332395,181.528018,10.82861,1.24821,0,0,0,0,0,16.795467,58.49893,6.198299,0.98771,0,0,0,0,0,52.764515,183.875356,19.472531,3.102982,0,0,0,0,0,2.72436,15.375032,2.818666,0.615505,0,0,0,0,0,0.29742,0.237464,73.5283687830688,0.175539923420941,247.058823529412
"119","RootPainter","FFD9944",315,777,1548.360432,319.148107,0.239473,1.52635,2840.032095,90.526024,1196.350343,4.787,943.688521,552.366729,40.019704,8.587436,1.435079,1.744692,0.518272,0,0,172.549913,173.161338,23.190457,7.085366,1.582063,2.373739,0.788518,0,0,542.081538,544.154234,72.950516,22.259333,4.970198,7.457322,2.477202,0,0,25.957775,44.385542,10.699956,4.621555,1.375888,2.543062,0.942248,0,0,0.24857,0.501821,144.571468907563,0.118308520873511,250.233644859813
"120","RootPainter","FDN1018",171,554,1398.335213,402.517116,0.254,1.643929,2474.991466,204.599001,1559.012268,3.451,626.556372,473.665663,153.861529,104.521745,33.095818,5.893875,0.74021,0,0,114.764083,153.325481,93.958188,88.568801,36.641971,7.737658,1.160086,0,0,360.541999,481.733977,295.250455,278.418606,115.114147,24.308569,3.644516,0,0,17.311942,40.724095,45.726034,59.426655,31.984447,7.996585,1.429243,0,0,0.35809,0.396185,21.0181153314294,0.325172653213492,360.010822510823
"121","RootPainter","FDJ1565",305,925,2471.003003,675.720871,0.26774,1.581704,4538.395669,271.691198,2515.286495,5.953,1040.807861,1084.192301,239.81183,81.593493,20.036519,4.152191,0.408807,0,0,190.016967,370.59165,143.052441,68.535884,22.064408,5.577426,0.632769,0,0,596.955908,1164.603808,449.587666,215.31183,69.317381,17.522,1.987903,0,0,28.643295,103.758868,67.954185,45.508481,19.155191,5.901788,0.76939,0,0,0.326106,0.374342,23.9693763022602,0.379438129607717,400.50505050505
"122","RootPainter","FDF3034",126,200,651.10214,164.381392,0.254,1.103918,1220.042918,52.992536,597.954148,2.661,292.07288,306.824517,45.031842,6.101287,1.071614,0,0,0,0,55.275822,102.859846,25.954066,5.11063,1.134353,0,0,0,0,173.654115,323.143735,81.537104,16.055518,3.563676,0,0,0,0,8.503776,28.287489,11.872749,3.384461,0.944061,0,0,0,0,0.293245,0.307171,49.7024534351145,0.247204625194763,352.150537634409
"123","RootPainter","FGI9956",189,280,1176.831269,322.087169,0.254,1.401483,2215.842599,121.855568,1172.081514,4.393,528.707004,494.846465,108.894024,34.785841,7.940918,1.657017,0,0,0,99.742577,169.244236,64.523394,28.573113,8.744593,2.155843,0,0,0,313.350546,531.791993,202.801768,89.892476,27.471951,6.772781,0,0,0,15.331566,47.641357,30.491614,18.591151,7.593947,2.205933,0,0,0,0.319302,0.237927,37.3715868212131,0.258420690304443,387.807881773399
"124","RootPainter","FES3675",174,416,983.009831,246.017429,0.254,1.185333,1802.830664,85.287418,915.303481,3.187,445.050269,450.05187,67.949823,16.376555,3.581314,0,0,0,0,82.60391,151.431581,39.521677,13.876607,3.791764,0,0,0,0,259.539684,475.879661,124.233112,43.594646,12.056378,0,0,0,0,12.610759,41.843203,18.299431,9.29842,3.235605,0,0,0,0,0.298348,0.42319,65.8853774128686,0.174937878879157,227.439024390244
"125","RootPainter","FFK2932",206,328,1170.683785,295.013747,0.254,1.023031,2205.252394,95.515827,1065.905574,4.862,583.170331,472.622106,101.372185,13.399425,0.119737,0,0,0,0,111.945731,155.886,60.244537,11.074313,0.122494,0,0,0,0,351.687886,489.778086,189.263794,34.79098,0.384828,0,0,0,0,17.407624,42.318805,28.453546,7.237429,0.098423,0,0,0,0,0.292101,0.280178,32.7006643854749,0.37480699402833,552.469135802469
"126","RootPainter","FFL3841",260,390,1195.081581,269.196594,0.239473,0.990998,2306.963548,69.985116,955.6943,4.603,630.111856,533.268201,28.35242,3.349104,0,0,0,0,0,118.325585,166.760071,16.313299,2.807989,0,0,0,0,0,371.730789,523.892213,51.24974,8.821559,0,0,0,0,0,18.282253,42.386606,7.455843,1.860415,0,0,0,0,0,0.255678,0.326338,62.7998728849185,0.271914959746584,442.558139534884
"127","RootPainter","FFW6775",260,337,1177.021662,260.291594,0.239473,0.871697,2247.271129,66.595081,930.317141,4.65,675.29644,473.682416,27.115728,0.927079,0,0,0,0,0,129.114868,151.243417,15.018272,0.73738,0,0,0,0,0,405.626322,475.19298,47.181291,2.316547,0,0,0,0,0,20.016005,39.523135,6.594164,0.461777,0,0,0,0,0,0.252332,0.286316,61.785914015748,0.286057163891729,409.677419354839
"128","RootPainter","FFS2715",294,539,1555.530183,354.834416,0.254,1.325243,2968.633837,97.701284,1273.414864,5.219,792.364322,716.683168,37.642504,6.736287,1.089149,1.014754,0,0,0,147.383351,228.261168,21.532936,5.605871,1.210484,1.285903,0,0,0,463.018453,717.294701,67.647713,17.611363,3.802849,4.039785,0,0,0,22.527213,59.36454,9.785431,3.683328,1.060741,1.280031,0,0,0,0.261556,0.346506,50.7679563642298,0.313608979796008,596.108949416342
"129","RootPainter","FFG0527",218,394,1092.792162,224.45654,0.239473,1.033488,2078.632523,54.461143,804.676855,4.601,693.875361,373.867627,22.701543,2.065824,0.281807,0,0,0,0,127.816218,113.430609,12.809631,1.738367,0.28841,0,0,0,0,401.546492,356.448315,40.314741,5.461241,0.906066,0,0,0,0,19.332046,27.996512,5.744989,1.155756,0.23184,0,0,0,0,0.235171,0.360544,81.6735547085202,0.245679750055925,400.59880239521
"130","RootPainter","FBT2327",213,439,1115.271125,260.744998,0.239473,1.401483,2081.462803,82.701692,959.954595,4.445,589.205342,440.449894,76.711577,6.048682,1.896491,0.95914,0,0,0,105.913122,146.435882,44.766798,4.980614,2.134758,1.271038,0,0,0,332.735886,460.232983,140.639045,15.647059,6.706539,3.993084,0,0,0,15.663187,39.812008,20.76354,3.242341,1.896084,1.324531,0,0,0,0.275913,0.393626,68.8438966049383,0.195884746832024,347.639484978541
"131","RootPainter","FBX4690",161,293,921.50696,212.981653,0.239473,0.803218,1760.97144,56.746535,755.272375,2.613,488.047832,410.05296,23.057229,0.348938,0,0,0,0,0,91.043712,136.016673,13.063965,0.271107,0,0,0,0,0,286.022258,427.356754,41.041656,0.851707,0,0,0,0,0,13.888677,36.82301,5.869332,0.165516,0,0,0,0,0,0.262245,0.317957,63.1169150684932,0.257284431551636,339.53488372093
"132","RootPainter","FCR0255",62,124,210.729988,53.609212,0.26774,1.030014,367.617086,21.344409,211.142656,0.876,86.196094,94.667229,23.825246,5.914419,0.127,0,0,0,0,15.775957,32.391936,14.004705,4.906273,0.129923,0,0,0,0,49.561631,101.762269,43.997077,15.413512,0.408167,0,0,0,0,2.384129,9.099841,6.543975,3.212071,0.104393,0,0,0,0,0.323119,0.588431,65.85312125,0.149922164628686,363.636363636364
"133","RootPainter","FCV8597",194,299,1009.189064,272.112359,0.26774,1.06087,1925.273368,86.689275,966.780685,9.262,383.080964,539.231236,79.975498,6.527629,0.373737,0,0,0,0,74.584564,181.208248,46.144402,5.347519,0.382546,0,0,0,0,234.314319,569.42582,145.039016,16.799728,1.201804,0,0,0,0,11.87218,49.873481,21.171921,3.464107,0.307587,0,0,0,0,0.305654,0.296277,54.5507602162162,0.213405868257636,371.4859437751
"134","RootPainter","FCQ4012",156,398,966.875065,296.239551,0.30527,2.143589,1771.77169,129.933781,1093.222903,4.321,323.803155,427.013422,182.300895,21.855607,6.983024,1.966631,1.084894,1.074622,0.792815,59.593978,148.193505,106.25278,18.056675,7.750329,2.653963,1.756385,2.009429,1.653114,187.251851,465.659172,333.875054,56.726717,24.348375,8.33767,5.517848,6.312806,5.193412,9.059372,42.416555,49.160829,11.79701,6.780175,2.819029,2.238213,2.954275,2.708322,0.360265,0.411635,20.0596486514523,0.370958188309782,483.45035105316
"135","RootPainter","FBR3362",223,553,1161.205461,267.796955,0.239473,0.846667,2138.966173,82.343575,984.274787,5.131,633.954433,442.546231,79.774317,4.93048,0,0,0,0,0,114.061931,147.314721,48.126153,3.786384,0,0,0,0,0,358.336123,462.850619,151.192768,11.895277,0,0,0,0,0,16.859626,40.103288,23.095685,2.284976,0,0,0,0,0,0.272041,0.476229,60.1972763608087,0.234262357445617,334.895833333333
"136","RootPainter","FBI0246",256,602,1384.162003,276.551418,0.239473,0.838157,2585.353094,67.859183,1013.018401,3.897,897.152278,459.713876,26.403841,0.892009,0,0,0,0,0,164.345978,142.303011,15.02835,0.702795,0,0,0,0,0,516.308118,447.217336,47.285053,2.207894,0,0,0,0,0,24.648672,35.970318,6.804535,0.435658,0,0,0,0,0,0.235311,0.43492,134.124225096899,0.152079638211972,326.582278481013
"137","RootPainter","FBQ2034",46,58,384.71799,103.508754,0.254,0.965349,750.708786,33.111257,357.931739,3.105,169.232961,175.355647,34.413866,5.715516,0,0,0,0,0,30.028539,59.047329,20.183183,4.67416,0,0,0,0,0,94.337438,185.502656,63.407339,14.684307,0,0,0,0,0,4.387625,16.298211,9.411835,3.013585,0,0,0,0,0,0.29752,0.15076,40.1584540709812,0.289327584271416,246.272493573265
"138","RootPainter","FBJ6221",205,440,919.170419,224.542562,0.254,1.295151,1667.454349,81.370931,852.653122,3.629,440.544796,386.361336,67.49692,20.36543,3.985867,0.41607,0,0,0,81.562227,128.015246,40.080105,16.846143,4.350884,0.530323,0,0,0,256.251218,402.228058,125.915362,52.92372,13.668706,1.666058,0,0,0,12.358813,34.794639,18.929831,11.014371,3.742317,0.53096,0,0,0,0.297983,0.478693,66.8974104075691,0.168856369604521,392.571428571429
"139","RootPainter","FBN8285",107,235,614.712528,122.537389,0.239473,0.682604,1152.329774,28.462369,444.37442,2.794,409.878053,198.810592,6.023884,0,0,0,0,0,0,77.196432,60.87961,3.372728,0,0,0,0,0,0,242.519744,191.258937,10.595739,0,0,0,0,0,0,11.818591,15.151217,1.492562,0,0,0,0,0,0,0.231434,0.382293,112.791289541284,0.191480898866851,219.758064516129
"140","RootPainter","FCK8784",99,177,544.592527,134.65206,0.254,0.838157,1045.000055,36.687523,475.074882,4.864,205.989171,323.84273,14.097819,0.662807,0,0,0,0,0,40.393288,102.277718,8.036126,0.513901,0,0,0,0,0,126.899256,321.314927,25.246233,1.614466,0,0,0,0,0,6.456623,26.28668,3.630982,0.313238,0,0,0,0,0,0.277841,0.325014,62.9586736416185,0.235774979957082,640.740740740741
"141","RootPainter","FCW1015",149,333,830.649605,227.530011,0.254,1.135923,1511.850708,88.879016,847.161427,5.597,361.338989,324.013701,118.824697,25.181675,1.290544,0,0,0,0,67.954096,107.512634,72.508545,20.242179,1.350884,0,0,0,0,213.484088,337.808674,228.032058,63.59268,4.243927,0,0,0,0,10.455898,29.237166,35.241534,12.832559,1.111858,0,0,0,0,0.326452,0.400891,58.0467928022362,0.161005382867875,285.62874251497
"142","RootPainter","FCO4501",90,122,490.106341,111.83311,0.239473,0.598684,946.197956,27.432873,392.887791,2.089,256.534707,226.219129,7.352506,0,0,0,0,0,0,51.402938,69.705308,3.936616,0,0,0,0,0,0,161.487092,219.033456,12.367243,0,0,0,0,0,0,8.323813,17.449235,1.659825,0,0,0,0,0,0,0.255907,0.248926,99.4130509127789,0.179711399531504,337.671232876712
"143","RootPainter","FCS7407",120,196,629.694274,150.671742,0.254,0.957894,1190.181791,40.605331,536.869275,3.356,260.731082,353.345628,13.528188,2.089376,0,0,0,0,0,52.025895,109.385029,7.693562,1.76839,0,0,0,0,0,163.44417,343.699505,24.170037,5.555562,0,0,0,0,0,8.404114,27.548128,3.472177,1.180911,0,0,0,0,0,0.272705,0.311262,47.9949903963415,0.323110283228574,473.646209386282
"144","RootPainter","FCC1836",257,417,1189.366707,285.761077,0.254,0.846667,2235.816456,84.341871,1033.174203,3.81,555.114281,573.675954,56.254946,4.321525,0,0,0,0,0,102.39858,191.169619,31.793938,3.41858,0,0,0,0,0,321.758324,600.720389,99.955703,10.739787,0,0,0,0,0,15.591003,52.341903,14.281552,2.127414,0,0,0,0,0,0.277355,0.350607,96.7751592351505,0.145716473375365,287.822014051522
"145","RootPainter","FEO1874",119,244,556.002374,126.888635,0.239473,0.987374,1053.039311,35.802203,457.932737,2.118,288.819658,243.218436,20.774237,3.190043,0,0,0,0,0,53.440364,77.400087,12.197886,2.655965,0,0,0,0,0,167.887856,243.207317,38.392891,8.444673,0,0,0,0,0,8.133613,20.164226,5.712471,1.791894,0,0,0,0,0,0.263661,0.438847,64.1294549019608,0.242163869078112,378.602620087336
"146","RootPainter","FEK5954",11,11,67.909679,13.31897,0.18932,0.423333,134.834174,2.590919,45.936338,0.733,51.837753,16.071926,0,0,0,0,0,0,0,10.216584,4.405406,0,0,0,0,0,0,0,32.096345,13.839992,0,0,0,0,0,0,0,1.623105,0.967813,0,0,0,0,0,0,0,0.215222,0.16198,23.4171306896552,1.11929396480554,547.169811320755
"147","RootPainter","FEU2975",56,80,347.932337,95.532067,0.254,1.033488,665.943427,32.740988,336.682279,1.61,167.961413,126.501985,49.394152,3.88792,0.186868,0,0,0,0,31.007532,44.111783,28.694177,3.164304,0.191501,0,0,0,0,97.413035,138.581253,90.145416,9.940955,0.601618,0,0,0,0,4.666137,12.662767,13.220862,2.037083,0.154139,0,0,0,0,0.30989,0.22993,32.4563747201493,0.327418341804468,365.870307167236
"148","RootPainter","FGC0245",251,499,994.078895,228.635743,0.239473,1.151591,1853.799518,71.329736,844.557568,2.572,535.563456,383.775781,66.7231,6.436945,1.579614,0,0,0,0,96.549304,126.344483,38.903794,5.349085,1.654373,0,0,0,0,303.318583,397.017101,122.219874,16.804645,5.197366,0,0,0,0,14.355264,34.085592,18.006651,3.519183,1.363046,0,0,0,0,0.272763,0.501972,73.9642034970238,0.18842071699242,358.4
"149","RootPainter","FDY4037",103,216,529.354592,109.222004,0.18932,0.850889,997.734479,28.417527,396.306604,1.627,351.923881,160.093769,15.183443,2.153499,0,0,0,0,0,63.055043,52.827868,8.576774,1.688625,0,0,0,0,0,198.093261,165.963642,26.94473,5.304972,0,0,0,0,0,9.275285,14.253959,3.846891,1.041392,0,0,0,0,0,0.239963,0.408044,92.3830003490401,0.201636124072302,333.139534883721
"150","RootPainter","FCF2601",54,106,368.713926,114.363571,0.30527,0.946602,699.731799,40.99111,402.040074,1.847,98.164482,210.857202,54.978199,4.714043,0,0,0,0,0,19.13669,72.95117,32.057544,3.797512,0,0,0,0,0,60.119686,229.278407,100.711744,11.930236,0,0,0,0,0,3.06438,20.663271,14.848122,2.415338,0,0,0,0,0,0.34838,0.287486,80.1552013043478,0.112219454413408,161.971830985915
"151","RootPainter","FCB1397",78,162,323.56961,63.044677,0.18932,1.100667,601.879511,15.62427,231.884133,1.731,227.599589,88.413112,5.650147,1.515491,0.391272,0,0,0,0,42.412589,26.344442,3.351214,1.268742,0.418818,0,0,0,0,133.243077,82.811277,10.52815,3.985872,1.315757,0,0,0,0,6.47107,6.375974,1.583253,0.841568,0.352405,0,0,0,0,0.230123,0.500665,202.23100625,0.102404784351525,340.425531914894
"152","RootPainter","FCJ1591",80,152,475.886684,127.99616,0.254,1.084262,894.883939,44.637035,461.54968,2.443,210.887162,207.161652,47.834138,9.485461,0.518272,0,0,0,0,40.380871,69.47516,28.568984,7.934924,0.54068,0,0,0,0,126.860247,218.310425,89.752112,24.928298,1.698597,0,0,0,0,6.335834,19.069083,13.543239,5.245555,0.443325,0,0,0,0,0.309084,0.319404,62.6166689473684,0.170262204915716,305.220883534137
"153","RootPainter","FCN7125",161,289,772.075513,209.082019,0.26774,1.250088,1404.322123,78.73045,783.847652,1.807,278.286135,402.665384,66.544011,22.595817,1.864429,0.119737,0,0,0,53.083937,135.57595,40.045358,18.581478,2.019363,0.149682,0,0,0,166.768106,425.972183,125.806203,58.486906,6.344016,0.470238,0,0,0,8.267629,37.281768,19.193814,12.117851,1.722429,0.14696,0,0,0,0.326135,0.374316,49.8113234193548,0.19687427164458,288.640595903166
"154","RootPainter","FCU3875",149,377,1101.43895,331.140915,0.30527,1.281239,2002.48894,127.17214,1218.194291,4.821,236.275821,699.154639,137.806106,23.323263,4.61485,0.264272,0,0,0,47.936257,233.676626,81.526956,19.189389,5.037933,0.335299,0,0,0,150.596193,734.307864,256.124487,60.285242,15.827132,1.053372,0,0,0,7.906658,63.777504,38.345307,12.475272,4.333245,0.334155,0,0,0,0.354316,0.34228,50.5247224770642,0.171421193352569,302.777777777778
"155","RootPainter","FBD8952",124,200,765.949089,185.57669,0.239473,1.561176,1468.207821,59.193603,664.559347,3.165,411.122436,302.241426,37.271775,11.810786,1.892236,1.286289,0.32414,0,0,76.163143,99.478225,21.907096,9.628674,2.058104,1.734239,0.498041,0,0,239.273569,312.663378,68.894387,30.249371,6.465724,5.448274,1.564643,0,0,11.532266,26.964869,10.281732,6.206567,1.765472,1.841585,0.601112,0,0,0.277175,0.261114,49.6402520414776,0.260670059229204,311.088709677419
"156","RootPainter","FBP4231",239,477,1119.29945,294.606938,0.254,1.81787,2056.759595,114.149411,1098.936972,3.951,516.956087,447.573751,124.83457,21.245405,4.660191,2.108157,1.31835,0.602938,0,96.396233,151.35296,73.107493,17.665085,5.16445,2.824114,2.126581,1.076742,0,302.837696,475.584893,229.746063,55.60797,16.224598,8.872215,6.680851,3.382684,0,14.669651,42.069292,34.035334,11.676052,4.511144,2.979268,2.698379,1.510291,0,0.313972,0.426159,56.9038866293848,0.17231801572765,230.597889800703
"157","RootPainter","FBM2759",235,581,1369.442893,349.441953,0.254,1.232765,2500.015435,127.893169,1299.229353,5.619,670.786373,526.155258,133.31774,36.79055,2.392973,0,0,0,0,123.386808,177.519755,79.596427,30.513721,2.540836,0,0,0,0,387.631091,557.694757,250.059551,95.861682,7.982273,0,0,0,0,18.629198,49.347421,37.790846,20.000657,2.125047,0,0,0,0,0.304636,0.42426,39.763150203252,0.269287251768701,355.051546391753
"158","RootPainter","FBH8238",193,397,990.2572,190.653741,0.18932,0.72833,1872.244765,44.169911,692.920798,3.822,707.939997,266.377262,15.939942,0,0,0,0,0,0,128.772724,82.845803,8.9146,0,0,0,0,0,0,404.551443,260.363312,28.006043,0,0,0,0,0,0,19.10851,21.110211,3.95119,0,0,0,0,0,0,0.224573,0.400906,133.999621109608,0.167308464805374,221.25748502994
"159","RootPainter","FBZ6377",123,289,708.271098,183.766658,0.26774,0.863434,1326.007219,57.981301,664.84911,2.347,269.788439,392.021755,41.205037,5.255867,0,0,0,0,0,52.409363,130.883085,24.20574,4.106907,0,0,0,0,0,164.648869,411.181339,76.116674,12.902228,0,0,0,0,0,8.357399,35.77062,11.329308,2.523975,0,0,0,0,0,0.300308,0.408036,65.3989933518006,0.186784356563507,342.721518987342
"160","RootPainter","FBU8395",156,284,929.447789,234.605266,0.254,0.946602,1775.188088,69.021513,833.920674,5.665,387.834545,486.397547,52.060724,3.154973,0,0,0,0,0,75.37331,157.193673,30.239507,2.536958,0,0,0,0,0,236.808163,494.073716,95.068705,7.97009,0,0,0,0,0,11.980122,41.47908,13.95349,1.608821,0,0,0,0,0,0.285861,0.305558,55.3242731547619,0.243402372242985,473.239436619718
"161","RootPainter","FCD2673",169,294,774.377249,193.08922,0.254,1.322536,1446.971619,60.463096,701.173725,4.247,326.571627,403.726689,34.037121,7.842971,1.652762,0.546079,0,0,0,62.98691,131.342417,19.799495,6.514393,1.810521,0.693593,0,0,0,197.879214,412.672144,62.289893,20.465569,5.68792,2.178986,0,0,0,9.937837,34.808007,9.183109,4.278097,1.56389,0.692157,0,0,0,0.28904,0.37966,59.797470965251,0.21418023317893,528.571428571429
"162","RootPainter","FBY9580",324,804,1694.492016,396.628239,0.254,1.325243,3061.226697,132.563228,1501.544111,4.971,847.347594,711.159896,115.181236,16.805906,3.683516,0.313868,0,0,0,155.501304,236.245181,68.076328,13.663571,4.000408,0.403648,0,0,0,488.537678,742.28167,213.963637,42.925376,12.567653,1.268097,0,0,0,23.461509,64.468451,32.025593,8.776515,3.423288,0.407871,0,0,0,0.284323,0.474478,72.2597874626866,0.17689671829657,383.79705400982
"163","RootPainter","FCL0130",192,382,1163.305662,285.366813,0.254,1.212242,2191.698375,83.603139,1027.738685,7.829,503.047113,609.473113,43.168659,6.330489,1.286289,0,0,0,0,99.29986,196.531928,24.539144,5.311403,1.410606,0,0,0,0,311.959711,617.569165,77.091994,16.686265,4.43155,0,0,0,0,15.920757,51.852724,11.085791,3.523197,1.22067,0,0,0,0,0.28242,0.328375,87.7966537358491,0.158486872125699,384.057971014493
"164","RootPainter","FFU7165",119,432,965.296483,310.440239,0.338667,1.554273,1764.423012,128.564625,1133.563339,3.551,216.670326,550.921217,163.165321,28.61493,4.169726,1.328622,0.426342,0,0,40.981331,193.167231,95.925003,23.605153,4.504576,1.837953,0.648035,0,0,128.746649,607.340125,301.357286,74.157774,14.151544,5.774099,2.035862,0,0,6.43452,55.323721,44.810975,15.386951,3.831026,2.003742,0.773689,0,0,0.375633,0.447531,103.35080117773,0.0726482887497241,125.876010781671
"165","RootPainter","FFT9800",54,150,529.047382,146.345585,0.30527,0.863434,997.900841,46.559796,520.976338,2.694,166.212982,324.536869,37.003979,1.293552,0,0,0,0,0,32.416419,111.254607,21.097072,1.030338,0,0,0,0,0,101.839182,349.621846,66.278407,3.236903,0,0,0,0,0,5.178409,31.20544,9.52998,0.645967,0,0,0,0,0,0.314897,0.283528,114.018832327586,0.0996567940289085,147.301587301587
"166","RootPainter","FBE2394",192,278,583.687821,127.266771,0.239473,0.900019,1133.347724,32.369208,451.685528,1.942,337.53304,232.753593,11.574837,1.82635,0,0,0,0,0,61.845079,73.911057,6.548889,1.447723,0,0,0,0,0,194.317223,232.246208,20.573942,4.548155,0,0,0,0,0,9.325846,19.196255,2.943383,0.903724,0,0,0,0,0,0.24752,0.476282,90.6347548136646,0.198954512572566,235.036496350365
"167","RootPainter","FCG9760",49,85,317.568674,81.415608,0.254,0.846667,617.697047,23.584056,285.052264,2.003,130.702615,173.561572,12.35261,0.951877,0,0,0,0,0,24.152817,58.855265,6.986506,0.740366,0,0,0,0,0,75.878312,184.899269,21.948755,2.325928,0,0,0,0,0,3.685367,16.303821,3.141895,0.452973,0,0,0,0,0,0.286003,0.267659,46.7700550810015,0.287906371999795,17.374616171955
"168","RootPainter","FEG8108",170,325,802.913315,177.492477,0.239473,0.83387,1524.049455,46.825722,634.510234,3.079,470.320777,304.840778,26.183665,1.568096,0,0,0,0,0,88.178401,97.252277,15.233216,1.220816,0,0,0,0,0,277.020618,305.797751,47.856559,3.835306,0,0,0,0,0,13.549052,25.491313,7.038295,0.747063,0,0,0,0,0,0.251685,0.404776,84.6954973628692,0.202452831373321,356.390977443609
"169","RootPainter","FBS3237",153,371,821.734718,217.659063,0.254,1.129594,1515.437951,77.562611,802.091146,4.35,334.40162,394.409529,74.095419,17.330195,1.497956,0,0,0,0,63.137426,132.411974,43.842341,14.332853,1.543328,0,0,0,0,198.352073,416.127802,137.734776,45.027987,4.848508,0,0,0,0,9.803012,36.489198,20.650759,9.369882,1.249762,0,0,0,0,0.312116,0.451484,56.2831998630137,0.18823502473376,443.768996960486
"170","RootPainter","FCM1008",331,782,1556.334871,394.794909,0.254,1.590742,2846.494052,145.213469,1485.250479,4.055,671.194664,728.858931,116.656369,32.145401,4.451533,2.534499,0.493473,0,0,121.031917,247.618482,68.13345,26.831203,4.824318,3.469416,0.759748,0,0,380.232981,778.23489,214.047544,84.29271,15.156043,10.899493,2.386818,0,0,18.125051,68.965878,31.635753,17.706841,4.119856,3.741118,0.918973,0,0,0.306359,0.502463,48.3333810869565,0.221742516184914,414.414414414414
"171","RootPainter","FBK1070",250,504,1179.061228,281.307681,0.239473,1.419272,2205.193683,90.930101,1030.607053,3.85,604.082393,483.677728,72.108245,14.480065,3.990121,0.722675,0,0,0,111.425876,157.217393,42.049233,12.039837,4.297404,0.969306,0,0,0,350.102487,493.960781,132.173662,37.824264,13.500694,3.045165,0,0,0,16.900115,41.906147,19.536412,7.918183,3.64674,1.022503,0,0,0,0.279577,0.427459,41.3705694035088,0.313427563442385,443.234836702955
"172","RootPainter","FBO8536",250,558,1316.542072,325.053113,0.254,1.289604,2455.750828,113.084877,1191.854908,4.331,667.159842,518.312714,91.961635,33.792147,4.949261,0.366473,0,0,0,121.680716,168.495799,55.485154,27.849926,5.371741,0.465451,0,0,0,382.271245,529.44071,174.311752,87.493122,16.875823,1.462257,0,0,0,18.271813,44.950749,26.649794,18.153142,4.595026,0.464353,0,0,0,0.289672,0.423838,44.3280158922559,0.262634587293224,424.285714285714
"173","RootPainter","FBG3400",155,374,641.165877,173.460227,0.26774,1.354667,1109.091616,80.21192,685.087677,1.476,266.75883,252.919907,88.333732,23.64014,7.634313,1.878956,0,0,0,46.535705,87.275622,53.541407,19.994856,8.256524,2.431782,0,0,0,146.196228,274.220059,168.277391,62.815694,25.938635,7.63967,0,0,0,6.752563,24.743015,25.823119,13.382075,7.03813,2.473017,0,0,0,0.343326,0.583312,24.1039803383459,0.331621534554964,420.886075949367
"174","RootPainter","FFH9263",248,480,1908.682086,565.007831,0.30527,1.250088,3598.216169,203.127241,2026.955016,5.189,551.955961,1108.203597,213.798015,31.287733,3.394446,0.042333,0,0,0,109.423339,381.666243,124.501377,25.839718,3.64019,0.05292,0,0,0,343.763559,1199.278728,391.132613,81.177869,11.435993,0.166254,0,0,0,17.673361,107.837535,57.631535,16.858826,3.074024,0.051958,0,0,0,0.339084,0.251482,60.134911342155,0.156256737617974,260.16393442623
"175","RootPainter","FBF4179",393,1063,2383.898058,615.237121,0.254,1.561176,4326.428524,231.779959,2308.938534,4.643,1106.340606,971.110927,237.475202,57.041531,8.88854,2.734648,0.306605,0,0,205.513604,328.465776,139.501245,47.499532,9.795306,3.600964,0.472375,0,0,645.640029,1032.248607,438.256085,149.224182,30.772861,11.312761,1.484009,0,0,31.343823,91.216513,65.126054,31.281135,8.508244,3.732517,0.571672,0,0,0.310761,0.445908,54.9665219737146,0.187117126895341,355.491803278689
"176","RootPainter","FFC7215",194,382,900.798092,232.108855,0.254,1.439333,1653.151522,81.179114,862.026212,1.934,357.093194,461.358947,61.809941,16.588222,2.868911,1.078877,0,0,0,70.525619,149.125307,36.235592,13.944006,3.107938,1.437797,0,0,0,221.562765,468.538741,113.83747,43.806387,9.763875,4.516973,0,0,0,11.357638,39.511489,16.883425,9.266305,2.651777,1.508479,0,0,0,0.306958,0.424068,83.1761857802401,0.133408699188316,384.042553191489
"177","RootPainter","FCH5965",247,447,1303.539685,308.364975,0.254,1.019522,2449.667091,89.067164,1115.78327,6.358,644.249515,594.564214,60.668703,3.88792,0.169333,0,0,0,0,123.320531,193.139289,35.351614,3.100119,0.172192,0,0,0,0,387.422873,606.908289,111.17184,9.739312,0.540956,0,0,0,0,19.237042,51.352094,16.38914,1.951366,0.137522,0,0,0,0,0.273399,0.342912,112.471068593615,0.130126518904318,298.711340206186
"178","RootPainter","FET3274",214,444,1137.416052,247.497713,0.239473,1.100667,2136.070561,66.006879,898.554412,4.142,667.206732,429.824905,34.970733,5.064744,0.348938,0,0,0,0,128.835271,132.425689,20.12825,4.229411,0.369719,0,0,0,0,404.747941,416.123118,63.234761,13.287086,1.161506,0,0,0,0,20.250786,33.454689,9.202123,2.791429,0.307852,0,0,0,0,0.252849,0.390358,113.288451394422,0.152105358594519,525.65445026178
"179","RootPainter","FCX5914",231,456,1095.216982,241.051489,0.239473,0.965349,2070.085319,65.49297,872.78178,2.478,649.617339,399.902288,43.564399,2.132956,0,0,0,0,0,121.174527,130.378619,24.503333,1.748452,0,0,0,0,0,380.712853,409.596513,76.979492,5.492923,0,0,0,0,0,18.544785,34.87443,10.941425,1.13233,0,0,0,0,0,0.255433,0.416356,92.267648020219,0.18124082630548,401.013513513514
"180","RootPainter","FCT4052",295,530,1353.774059,341.886413,0.254,1.295151,2538.630411,112.656251,1242.446096,2.935,634.782319,592.299273,109.130578,14.004126,3.395692,0.16207,0,0,0,119.060463,197.552629,63.160812,11.736197,3.758386,0.206375,0,0,0,374.064653,620.629887,198.425544,36.870349,11.807318,0.648345,0,0,0,18.348186,54.062765,28.990235,7.771807,3.276819,0.206439,0,0,0,0.293154,0.391498,75.3352286588759,0.159511787765776,373.596673596674
"181","RootPainter","FCP0847",237,383,1049.86903,251.223512,0.254,1.25866,1976.579126,74.93593,913.947415,2.95,488.862135,505.841097,48.553502,4.33906,2.188569,0.084667,0,0,0,93.664412,163.704371,27.272515,3.583913,2.491278,0.106567,0,0,0,294.271354,514.435768,85.819726,11.259196,7.826581,0.334789,0,0,0,14.661925,43.394264,12.197953,2.341962,2.23448,0.105346,0,0,0,0.278884,0.364807,99.9875266666667,0.140119699588702,345.394736842105
"182","RootPainter","FEP9413",188,392,949.364572,219.985223,0.254,1.100667,1746.1659,64.238945,811.846791,2.302,440.838851,471.450356,33.8212,2.676026,0.57814,0,0,0,0,82.682967,153.726771,19.170232,2.159692,0.606282,0,0,0,0,259.756202,483.090213,60.310816,6.784871,1.90469,0,0,0,0,12.701534,40.993212,8.667231,1.377287,0.49968,0,0,0,0,0.274748,0.412908,93.6256974358974,0.157848171385754,422.5
"183","RootPainter","FFO5284",206,350,1189.621186,249.854339,0.239473,0.780588,2294.106426,58.421813,883.39182,3.505,761.812936,410.623107,17.058143,0.127,0,0,0,0,0,145.569304,125.917483,9.577989,0.097161,0,0,0,0,0,457.319456,395.676984,30.090139,0.305242,0,0,0,0,0,22.609569,31.484944,4.268908,0.058393,0,0,0,0,0,0.237189,0.294211,150.775815716096,0.135052296305834,330.125523012552
"184","RootPainter","FEH0081",170,393,857.687413,194.429719,0.239473,1.317104,1576.524059,64.205967,727.278451,2.05,489.166978,300.798871,53.475473,10.921786,2.975367,0.348938,0,0,0,87.094696,99.61758,31.858988,9.141534,3.270198,0.444438,0,0,0,273.616056,313.099831,100.173717,28.718975,10.27363,1.396242,0,0,0,12.771564,26.985918,15.111855,6.056947,2.834938,0.444745,0,0,0,0.272998,0.458209,84.0870012745098,0.158863739253394,430.379746835443
"185","RootPainter","FED1194",116,238,536.457227,133.186114,0.254,1.17927,996.177651,44.263995,490.59479,2.654,251.463216,233.86462,44.062946,6.002094,1.06435,0,0,0,0,47.218036,76.939936,25.835422,4.975462,1.141002,0,0,0,0,148.339836,241.875142,81.164373,15.630874,3.584564,0,0,0,0,7.280599,20.714468,12.046656,3.259367,0.962905,0,0,0,0,0.292776,0.443651,37.6461211929825,0.321932080464043,494.791666666667
"186","RootPainter","FDZ1151",281,475,1140.441533,243.538939,0.239473,0.900019,2183.127833,63.558866,879.085216,3.89,670.561551,439.276631,28.392991,2.210359,0,0,0,0,0,120.340091,141.442492,16.131079,1.774435,0,0,0,0,0,378.059545,444.773837,50.67728,5.574553,0,0,0,0,0,17.846681,37.301137,7.289623,1.121426,0,0,0,0,0,0.246726,0.416505,87.7262717692308,0.204534800856894,414.012738853503
"187","RootPainter","FDV4335",241,487,1325.862079,290.418774,0.239473,1.185333,2517.458332,79.482784,1047.741259,4.907,764.32844,514.142133,40.553018,5.869077,0.969412,0,0,0,0,137.938829,166.222167,23.256412,4.993287,1.060225,0,0,0,0,433.363535,522.297883,73.062173,15.686874,3.330795,0,0,0,0,20.554292,44.075025,10.58266,3.356665,0.914141,0,0,0,0,0.252789,0.367308,73.4549628254848,0.22709320297588,413.990825688073
"188","RootPainter","FDR6843",263,515,1321.921252,293.551384,0.239473,0.957894,2489.572132,85.149809,1073.262058,4.18,775.449128,462.330424,74.775975,9.365725,0,0,0,0,0,142.269843,148.593553,43.126016,7.576615,0,0,0,0,0,446.953894,466.925604,135.579922,23.802638,0,0,0,0,0,21.361133,39.159617,19.795889,4.833171,0,0,0,0,0,0.260498,0.389584,79.6818114526823,0.194833085297936,435.433070866142
"189","GIMP","FCI1638",1207,1711,1314.275974,213.93864,0.169333,1.070958,2178.366561,72.898101,914.289522,1.887,925.481699,284.904396,97.914346,5.686463,0.28907,0,0,0,0,133.817639,95.127419,57.061338,4.518096,0.299809,0,0,0,0,420.660322,299.06978,179.423526,14.194017,0.941877,0,0,0,0,16.916992,26.415407,26.487098,2.834318,0.244287,0,0,0,0,0.220144,1.301857,93.2110619858156,0.193420676349306,792.134831460674
"190","GIMP","FBW8179",2051,2666,1907.643227,371.300333,0.18932,1.365209,3000.258593,162.422157,1638.021204,3.093,1085.793204,550.215774,228.175274,41.337538,1.465894,0.655544,0,0,0,160.376754,187.756243,136.647411,33.632824,1.589645,0.857085,0,0,0,504.22663,590.426069,429.801715,105.880159,4.994018,2.692613,0,0,0,20.759382,52.524293,65.191163,21.706206,1.360253,0.88086,0,0,0,0.268941,1.397536,60.9470679552716,0.192707698125201,299.808429118774
"191","GIMP","FBC0289",1669,2279,1436.003281,241.96905,0.18932,0.965349,2221.547822,92.933212,1099.577678,1.995,868.839308,451.010103,107.204215,8.949655,0,0,0,0,0,124.999867,155.953349,61.324384,7.193625,0,0,0,0,0,393.044586,490.989181,192.724726,22.819185,0,0,0,0,0,15.875837,44.532657,27.873046,4.651672,0,0,0,0,0,0.240895,1.587044,78.4701246448087,0.196915608598571,347.248576850095
"192","GIMP","FCA5827",1998,2824,1751.616378,186.732601,0.119737,0.542131,3040.384503,37.111197,811.491116,2.28,1547.919313,203.330592,0.366473,0,0,0,0,0,0,197.759633,60.086922,0.192747,0,0,0,0,0,0,621.741595,189.143989,0.605532,0,0,0,0,0,0,22.661471,14.370031,0.079695,0,0,0,0,0,0,0.1478,1.612225,126.01556676259,0.374550031355766,463.333333333333
"193","GIMP","FCF2601",819,1087,591.897052,127.68254,0.26774,1.030014,819.005107,60.829416,596.104681,1.011,227.426304,271.401397,78.666689,13.901925,0.500737,0,0,0,0,39.692618,91.719688,46.444701,11.202597,0.510628,0,0,0,0,124.780241,288.450311,146.075948,35.193995,1.604185,0,0,0,0,5.917422,25.534453,21.845666,7.122895,0.40898,0,0,0,0,0.309553,1.836468,128.673272173913,0.0756213079540333,161.971830985915
"194","GIMP","FBP4231",1619,2175,1425.498597,288.925945,0.239473,1.446785,2196.931523,125.795839,1270.206443,1.85,744.15748,503.288297,148.374271,20.320089,7.282366,2.076096,0,0,0,117.231441,171.99808,87.227935,16.885898,7.90186,2.78889,0,0,0,368.603747,540.861363,274.10674,53.048613,24.824426,8.761555,0,0,0,15.867826,48.376874,40.745106,11.102459,6.754279,2.949295,0,0,0,0.27576,1.525782,72.4706963396035,0.156364472436962,230.597889800703
"195","GIMP","FBM2759",1482,2031,1660.803281,323.515482,0.18932,1.139073,2721.713761,125.548128,1356.877847,2.295,991.203717,490.108015,149.003895,27.33569,3.151964,0,0,0,0,152.135622,164.712129,88.864197,22.650782,3.324341,0,0,0,0,478.119235,517.868777,279.175109,71.271001,10.443725,0,0,0,0,20.202172,45.609273,42.096568,14.882374,2.757741,0,0,0,0,0.257089,1.222902,48.2230917828107,0.274317112876426,355.051546391753
"196","GIMP","FBZ6377",838,1044,857.017859,161.472795,0.18932,0.798744,1426.853957,52.875397,666.389705,1.048,463.692406,363.924972,28.984412,0.41607,0,0,0,0,0,66.57021,128.971165,16.099748,0.320987,0,0,0,0,0,209.16166,405.460449,50.759184,1.008411,0,0,0,0,0,8.4421,37.104233,7.134479,0.194585,0,0,0,0,0,0.243652,1.218178,79.1336896583564,0.204821157182044,342.721518987342
"197","GIMP","FBE2394",1121,1370,887.952399,107.68258,0.169333,1.023031,1508.512783,25.100791,469.148262,1.101,738.803453,144.62001,3.34485,1.022017,0.16207,0,0,0,0,102.048952,44.117273,1.956191,0.891121,0.165654,0,0,0,0,320.825699,138.857049,6.145555,2.79954,0.520418,0,0,0,0,12.455223,10.991837,0.906517,0.614231,0.132982,0,0,0,0,0.168066,1.542875,137.880807298137,0.256565619784651,235.036496350365
"198","GIMP","FCG9760",523,675,452.819523,77.15576,0.18932,0.762,742.612634,23.465424,326.291183,0.876,256.049743,189.319844,6.973998,0.475938,0,0,0,0,0,37.169672,62.427607,3.822391,0.361701,0,0,0,0,0,116.838249,196.308221,12.008397,1.136316,0,0,0,0,0,4.802139,16.78751,1.659881,0.215895,0,0,0,0,0,0.226874,1.49066,66.6891786450663,0.289361913937715,17.374616171955
"199","GIMP","FBS3237",555,739,930.813332,144.77928,0.169333,0.762,1678.774581,36.312537,565.512195,2.104,692.215977,216.299634,21.973581,0.32414,0,0,0,0,0,97.078391,70.105356,12.523159,0.246513,0,0,0,0,0,305.037786,220.357303,39.342663,0.774442,0,0,0,0,0,11.92801,18.581643,5.655639,0.147244,0,0,0,0,0,0.193476,0.793929,63.7543378082192,0.402064994797802,443.768996960486
"200","GIMP","FCM1008",1921,3032,2111.636662,385.404247,0.18932,1.497906,3372.284437,149.030508,1668.903608,2.234,1256.94457,694.46406,117.85395,33.840497,6.701217,1.832367,0,0,0,192.118681,230.84929,69.642276,28.628789,7.222818,2.425595,0,0,0,604.022552,725.568972,218.924648,89.939993,22.82721,7.620232,0,0,0,25.446063,62.910766,32.775372,19.158041,6.211189,2.529077,0,0,0,0.249014,1.435853,65.5787783229814,0.216063143259231,414.414414414414
"201","GIMP","FBK1070",1737,2545,1606.943195,233.022831,0.169333,1.643929,2609.87385,88.505711,1054.380554,1.705,1187.816109,327.786352,53.650609,29.35368,6.277884,1.540289,0.518272,0,0,163.608694,105.12592,32.481675,24.365806,6.868367,2.060621,0.819056,0,0,514.217068,330.947473,102.044192,76.547437,21.577611,6.473633,2.573141,0,0,19.956276,27.79966,15.666782,15.973205,5.92053,2.171826,1.017432,0,0,0.20641,1.583752,56.383971754386,0.322013118452887,443.234836702955
"202","GIMP","FBO8536",1057,1519,1528.819915,265.999468,0.169333,1.129594,2637.406023,90.460676,1088.622907,1.821,1013.637589,409.748117,80.368016,23.807711,1.258482,0,0,0,0,142.92138,134.915405,47.657708,19.549615,1.32395,0,0,0,0,449.073708,424.179755,149.793206,61.416927,4.159311,0,0,0,0,17.679704,36.503422,22.499677,12.682194,1.095681,0,0,0,0,0.226335,0.993577,51.475418013468,0.32831945673278,424.285714285714
"203","GIMP","FBG3400",743,1173,768.326805,178.28459,0.254,1.581704,1066.559594,115.791022,854.888946,0.723,343.606218,247.642037,105.329515,46.066623,17.765046,6.915892,1.001473,0,0,54.624923,84.890979,63.728711,38.481815,19.34122,9.20147,1.540181,0,0,171.682209,266.955191,200.658139,120.894188,60.953325,28.907271,4.838622,0,0,7.421374,23.962586,30.790102,25.41662,16.703035,9.636165,1.861139,0,0,0.346882,1.526694,28.8844663533835,0.229724200897026,420.886075949367
"204","GIMP","FBF4179",2069,3030,2692.936938,584.136825,0.239473,1.338698,4336.697738,257.360725,2481.266457,2.423,1393.520266,922.817531,284.815563,74.018532,15.970757,1.794289,0,0,0,223.756393,314.485671,169.606458,61.848891,17.243387,2.291866,0,0,0,703.122521,989.018332,533.449776,194.30402,54.171699,7.200109,0,0,0,30.886802,88.150351,80.482765,40.873951,14.66674,2.300116,0,0,0,0.290635,1.125166,62.0921590500346,0.168518331614119,355.491803278689
"205","GIMP","FCH5965",1153,1379,1446.519483,250.936774,0.169333,0.883946,2519.318152,74.068,1008.641249,2.512,975.253717,409.887152,57.649756,3.728858,0,0,0,0,0,147.797963,136.821771,33.351941,2.953901,0,0,0,0,0,464.412455,430.098528,104.850314,9.279952,0,0,0,0,0,19.369589,37.519303,15.338329,1.840779,0,0,0,0,0,0.220521,0.953323,124.807548144953,0.156477831182157,298.711340206186
"206","GIMP","FCX5914",304,340,315.982704,57.713146,0.18932,0.83387,534.013928,17.873423,236.336561,0.892,178.904258,127.775598,8.971444,0.331403,0,0,0,0,0,26.421397,43.482142,5.012123,0.256845,0,0,0,0,0,83.005268,136.778344,15.746048,0.806902,0,0,0,0,0,3.435888,12.060257,2.220762,0.156515,0,0,0,0,0,0.235431,1.076008,26.6202783487784,0.664114534748045,401.013513513514
"207","GIMP","FCT4052",1172,1446,1672.166666,319.00653,0.18932,1.325243,2897.160394,105.272733,1280.246644,1.338,1063.160075,496.323022,96.041496,15.161653,1.02928,0.45114,0,0,0,168.47025,169.22925,55.343082,12.560469,1.145601,0.58004,0,0,0,529.2649,532.03758,174.063025,39.459876,3.599012,1.82225,0,0,0,22.669281,47.423836,25.371775,8.215699,1.006178,0.585964,0,0,0,0.242158,0.864746,93.0532368391764,0.170699472578526,373.596673596674
"208","GIMP","FCP0847",814,994,1264.745192,225.130374,0.18932,0.946602,2249.086086,60.183964,879.553142,1.361,845.638702,381.901116,35.45041,1.754964,0,0,0,0,0,137.209668,121.095351,20.084044,1.422253,0,0,0,0,0,431.152284,380.664019,63.2687,4.468139,0,0,0,0,0,18.757867,31.438954,9.077387,0.909757,0,0,0,0,0,0.221407,0.785929,120.451923047619,0.174465078438502,345.394736842105
