"","File.Name","X","date","elevation","siteID","aspect","project","sp","plantID","leafID","height","root_depth","grazing","fire","resprout","no_root_scan","root_wet_mass_g","no_tuber_scan","tuber_wet_mass_g","no_leaf","leaf_wet_mass_g","leaf_thick_1_mm","leaf_thick_2_mm","leaf_thick_3_mm","notes","drying_status","root_dry_mass","tuber_dry_mass","BGB","leaf_dry_mass","AGB","AGB.BGB","Region.of.Interest","Number.of.Root.Tips","Number.of.Branch.Points","Total.Root.Length.mm","Branching.frequency.per.mm","Network.Area.mm2","Average.Diameter.mm","Median.Diameter.mm","Maximum.Diameter.mm","Perimeter.mm","Volume.mm3","Surface.Area.mm2","Computation.Time.s","Root.Length.Diameter.Range.1.mm","Root.Length.Diameter.Range.2.mm","Root.Length.Diameter.Range.3.mm","Root.Length.Diameter.Range.4.mm","Root.Length.Diameter.Range.5.mm","Root.Length.Diameter.Range.6.mm","Root.Length.Diameter.Range.7.mm","Root.Length.Diameter.Range.8.mm","Root.Length.Diameter.Range.9.mm","Projected.Area.Diameter.Range.1.mm2","Projected.Area.Diameter.Range.2.mm2","Projected.Area.Diameter.Range.3.mm2","Projected.Area.Diameter.Range.4.mm2","Projected.Area.Diameter.Range.5.mm2","Projected.Area.Diameter.Range.6.mm2","Projected.Area.Diameter.Range.7.mm2","Projected.Area.Diameter.Range.8.mm2","Projected.Area.Diameter.Range.9.mm2","Surface.Area.Diameter.Range.1.mm2","Surface.Area.Diameter.Range.2.mm2","Surface.Area.Diameter.Range.3.mm2","Surface.Area.Diameter.Range.4.mm2","Surface.Area.Diameter.Range.5.mm2","Surface.Area.Diameter.Range.6.mm2","Surface.Area.Diameter.Range.7.mm2","Surface.Area.Diameter.Range.8.mm2","Surface.Area.Diameter.Range.9.mm2","Volume.Diameter.Range.1.mm3","Volume.Diameter.Range.2.mm3","Volume.Diameter.Range.3.mm3","Volume.Diameter.Range.4.mm3","Volume.Diameter.Range.5.mm3","Volume.Diameter.Range.6.mm3","Volume.Diameter.Range.7.mm3","Volume.Diameter.Range.8.mm3","Volume.Diameter.Range.9.mm3","SRL","RTD","RDMC","leaf_area_nr","leaf_area","SLA","LDMC"
"1","FBC0289",3,"12/05/2023",2200,2,"W","R","EC",3,32.8,15,16,"N","Y","",5,0.0527,NA,NA,5,0.193,0.177,0.188,0.197,"","SfD11",0.0183,NA,8.5422,0.0663,0.5919,0.069291283,"Full",251,534,1185.77074,0.45034,291.03526,0.291187,0.254,1.100667,2186.728143,96.305368,1075.458545,3.565,589.695682,481.008575,99.964699,13.970302,1.131482,0,0,0,0,111.882007,159.624429,58.153726,11.441776,1.204199,0,0,0,0,351.48769,501.474932,182.767419,35.945401,3.783104,0,0,0,0,17.317964,43.670981,26.910259,7.398892,1.007272,0,0,0,0,64.7962153,0.19002056,0.000347249,5,10.324,0.155716440422323,343.523316062176
"2","FBD8952",61,"12/08/2023",2800,5,"NW","R","SG",1,34,27,12.7,"","Y","Y",5,0.0496,5,0.598,1,0.369,0.644,0.547,0.684,"","SfD14",0.01543,0.18462,6.09,0.4487,2.27,0.3727422,"Full",124,200,765.949089,0.261114,185.57669,0.277175,0.239473,1.561176,1468.207821,59.193603,664.559347,3.165,411.122436,302.241426,37.271775,11.810786,1.892236,1.286289,0.32414,0,0,76.163143,99.478225,21.907096,9.628674,2.058104,1.734239,0.498041,0,0,239.273569,312.663378,68.894387,30.249371,6.465724,5.448274,1.564643,0,0,11.532266,26.964869,10.281732,6.206567,1.765472,1.841585,0.601112,0,0,49.64025204,0.260670059,0.000311089,3,6.056,0.0134967684421663,1215.9891598916
"3","FBE2394",72,"12/09/2023",2400,3,"W","R","SG",3,36,18.4,18.5,"","","",4,0.0274,5,0.5807,1,1.0045,0.513,0.535,0.557,"","SfD14",0.00644,0.18633,0.69,0.19982,0.89,1.289855072,"Full",192,278,583.687821,0.476282,127.266771,0.24752,0.239473,0.900019,1133.347724,32.369208,451.685528,1.942,337.53304,232.753593,11.574837,1.82635,0,0,0,0,0,61.845079,73.911057,6.548889,1.447723,0,0,0,0,0,194.317223,232.246208,20.573942,4.548155,0,0,0,0,0,9.325846,19.196255,2.943383,0.903724,0,0,0,0,0,90.63475481,0.198954513,0.000235036,2,19.036,0.0952657391652487,198.924838227974
"4","FBF4179",81,"12/08/2023",2800,5,"NW","R","TT",2,NA,12,28.8,"","Y","",5,0.122,NA,NA,5,0.0868,0.108,0.214,0.131,"","SfD14",0.04337,NA,26.32,0.03033,12.06,0.458206687,"Full",393,1063,2383.898058,0.445908,615.237121,0.310761,0.254,1.561176,4326.428524,231.779959,2308.938534,4.643,1106.340606,971.110927,237.475202,57.041531,8.88854,2.734648,0.306605,0,0,205.513604,328.465776,139.501245,47.499532,9.795306,3.600964,0.472375,0,0,645.640029,1032.248607,438.256085,149.224182,30.772861,11.312761,1.484009,0,0,31.343823,91.216513,65.126054,31.281135,8.508244,3.732517,0.571672,0,0,54.96652197,0.187117127,0.000355492,5,6.109,0.20141773821299,349.423963133641
"5","FBG3400",79,"12/05/2023",2200,2,"W","R","TT",5,18.5,15,11.7,"N","Y","",3,0.0632,NA,NA,5,0.0982,0.115,0.117,0.107,"","SfD11",0.0266,NA,0.9894,0.0367,2.9319,2.963311098,"Full",155,374,641.165877,0.583312,173.460227,0.343326,0.26774,1.354667,1109.091616,80.21192,685.087677,1.476,266.75883,252.919907,88.333732,23.64014,7.634313,1.878956,0,0,0,46.535705,87.275622,53.541407,19.994856,8.256524,2.431782,0,0,0,146.196228,274.220059,168.277391,62.815694,25.938635,7.63967,0,0,0,6.752563,24.743015,25.823119,13.382075,7.03813,2.473017,0,0,0,24.10398034,0.331621535,0.000420886,5,9.338,0.254441416893733,373.727087576375
"6","FBH8238",64,"12/08/2023",2800,5,"NW","R","SG",5,29.7,14.5,21.4,"","Y","",5,0.0334,5,0.5752,1,1.9294,0.569,0.644,0.579,"","SfD14",0.00739,0.19152,3.36,0.26669,1.66,0.494047619,"Full",193,397,990.2572,0.400906,190.653741,0.224573,0.18932,0.72833,1872.244765,44.169911,692.920798,3.822,707.939997,266.377262,15.939942,0,0,0,0,0,0,128.772724,82.845803,8.9146,0,0,0,0,0,0,404.551443,260.363312,28.006043,0,0,0,0,0,0,19.10851,21.110211,3.95119,0,0,0,0,0,0,133.9996211,0.167308465,0.000221257,1,34.673,0.130012373917282,138.224318440966
"7","FBI0246",42,"12/08/2023",2800,5,"NW","R","HPA",2,21.1,2.5,23,"","","",5,0.0316,5,0.9371,1,0.6762,0.745,0.849,0.762,"","SfD14",0.01032,0.17859,4.08,0.13551,0.78,0.191176471,"Full",256,602,1384.162003,0.43492,276.551418,0.235311,0.239473,0.838157,2585.353094,67.859183,1013.018401,3.897,897.152278,459.713876,26.403841,0.892009,0,0,0,0,0,164.345978,142.303011,15.02835,0.702795,0,0,0,0,0,516.308118,447.217336,47.285053,2.207894,0,0,0,0,0,24.648672,35.970318,6.804535,0.435658,0,0,0,0,0,134.1242251,0.152079638,0.000326582,1,12.243,0.0903475758246624,200.399290150843
"8","FBJ6221",44,"12/08/2023",2800,5,"NW","R","HPA",4,19.8,3.5,13,"","","",5,0.035,5,0.707,1,0.4948,0.738,0.793,0.759,"","SfD14",0.01374,0.1356,4.19,0.09943,1.13,0.269689737,"Full",205,440,919.170419,0.478693,224.542562,0.297983,0.254,1.295151,1667.454349,81.370931,852.653122,3.629,440.544796,386.361336,67.49692,20.36543,3.985867,0.41607,0,0,0,81.562227,128.015246,40.080105,16.846143,4.350884,0.530323,0,0,0,256.251218,402.228058,125.915362,52.92372,13.668706,1.666058,0,0,0,12.358813,34.794639,18.929831,11.014371,3.742317,0.53096,0,0,0,66.89741041,0.16885637,0.000392571,2,8.924,0.0897515840289651,200.949878738884
"9","FBK1070",77,"12/05/2023",2200,2,"W","R","TT",3,17.2,19.2,16.6,"N","Y","",5,0.0643,NA,NA,5,0.0687,0.117,0.123,0.123,"","SfD11",0.0285,NA,2.7946,0.0315,2.6789,0.958598726,"Full",250,504,1179.061228,0.427459,281.307681,0.279577,0.239473,1.419272,2205.193683,90.930101,1030.607053,3.85,604.082393,483.677728,72.108245,14.480065,3.990121,0.722675,0,0,0,111.425876,157.217393,42.049233,12.039837,4.297404,0.969306,0,0,0,350.102487,493.960781,132.173662,37.824264,13.500694,3.045165,0,0,0,16.900115,41.906147,19.536412,7.918183,3.64674,1.022503,0,0,0,41.3705694,0.313427563,0.000443235,5,8.14,0.258412698412698,458.515283842795
"10","FBM2759",63,"12/08/2023",2800,5,"NW","R","SG",4,26.5,14.2,21.8,"","Y","",5,0.097,5,0.3345,1,1.5364,0.599,0.616,0.623,"","SfD14",0.03444,0.10701,1.98,0.22366,1.34,0.676767677,"Full",235,581,1369.442893,0.42426,349.441953,0.304636,0.254,1.232765,2500.015435,127.893169,1299.229353,5.619,670.786373,526.155258,133.31774,36.79055,2.392973,0,0,0,0,123.386808,177.519755,79.596427,30.513721,2.540836,0,0,0,0,387.631091,557.694757,250.059551,95.861682,7.982273,0,0,0,0,18.629198,49.347421,37.790846,20.000657,2.125047,0,0,0,0,39.7631502,0.269287252,0.000355052,1,27.454,0.122748815165877,145.574069252799
"11","FBN8285",45,"12/08/2023",2800,5,"NW","R","HPA",5,7.8,4.1,10,"","","",4,0.0248,5,0.6443,1,0.7515,0.784,0.861,0.705,"","SfD14",0.00545,0.12552,1.58,0.13365,0.66,0.417721519,"Full",107,235,614.712528,0.382293,122.537389,0.231434,0.239473,0.682604,1152.329774,28.462369,444.37442,2.794,409.878053,198.810592,6.023884,0,0,0,0,0,0,77.196432,60.87961,3.372728,0,0,0,0,0,0,242.519744,191.258937,10.595739,0,0,0,0,0,0,11.818591,15.151217,1.492562,0,0,0,0,0,0,112.7912895,0.191480899,0.000219758,1,12.928,0.0967302656191545,177.844311377246
"12","FBO8536",78,"12/05/2023",2200,2,"W","R","TT",4,21.1,18.3,18.2,"Y","Y","",5,0.07,NA,NA,5,0.2021,0.141,0.136,0.129,"","SfD11",0.0297,NA,5.648,0.0742,3.0583,0.541483711,"Full",250,558,1316.542072,0.423838,325.053113,0.289672,0.254,1.289604,2455.750828,113.084877,1191.854908,4.331,667.159842,518.312714,91.961635,33.792147,4.949261,0.366473,0,0,0,121.680716,168.495799,55.485154,27.849926,5.371741,0.465451,0,0,0,382.271245,529.44071,174.311752,87.493122,16.875823,1.462257,0,0,0,18.271813,44.950749,26.649794,18.153142,4.595026,0.464353,0,0,0,44.32801589,0.262634587,0.000424286,5,15.117,0.203733153638814,367.144977733795
"13","FBP4231",62,"12/08/2023",2800,5,"NW","R","SG",2,23.9,9.7,20.1,"","Y","Y",5,0.0853,5,0.8063,1,1.3087,0.752,0.773,0.433,"","SfD14",0.01967,0.13203,1.69,0.20102,1.4,0.828402367,"Full",239,477,1119.29945,0.426159,294.606938,0.313972,0.254,1.81787,2056.759595,114.149411,1098.936972,3.951,516.956087,447.573751,124.83457,21.245405,4.660191,2.108157,1.31835,0.602938,0,96.396233,151.35296,73.107493,17.665085,5.16445,2.824114,2.126581,1.076742,0,302.837696,475.584893,229.746063,55.60797,16.224598,8.872215,6.680851,3.382684,0,14.669651,42.069292,34.035334,11.676052,4.511144,2.979268,2.698379,1.510291,0,56.90388663,0.172318016,0.000230598,2,19.888,0.0989354293105164,153.602811950791
"14","FBQ2034",43,"12/08/2023",2800,5,"NW","R","HPA",3,18.3,5,14.5,"N","","",5,0.0389,5,0.5246,1,0.7915,1.051,1.17,1.095,"","SfD14",0.00958,0.07859,0.41,0.14951,0.62,1.512195122,"Full",46,58,384.71799,0.15076,103.508754,0.29752,0.254,0.965349,750.708786,33.111257,357.931739,3.105,169.232961,175.355647,34.413866,5.715516,0,0,0,0,0,30.028539,59.047329,20.183183,4.67416,0,0,0,0,0,94.337438,185.502656,63.407339,14.684307,0,0,0,0,0,4.387625,16.298211,9.411835,3.013585,0,0,0,0,0,40.15845407,0.289327584,0.000246272,2,15.614,0.104434485987559,188.894504106128
"15","FBR3362",41,"12/08/2023",2800,5,"NW","R","HPA",1,9.5,4,16,"","","",5,0.0576,5,0.644,1,1.0151,0.632,0.729,0.531,"","SfD14",0.01929,0.10746,2.9,0.14336,1.21,0.417241379,"Full",223,553,1161.205461,0.476229,267.796955,0.272041,0.239473,0.846667,2138.966173,82.343575,984.274787,5.131,633.954433,442.546231,79.774317,4.93048,0,0,0,0,0,114.061931,147.314721,48.126153,3.786384,0,0,0,0,0,358.336123,462.850619,151.192768,11.895277,0,0,0,0,0,16.859626,40.103288,23.095685,2.284976,0,0,0,0,0,60.19727636,0.234262357,0.000334896,1,16.376,0.114229910714286,141.227465274357
"16","FBS3237",75,"12/05/2023",2200,2,"W","R","TT",1,25.9,18.2,13.5,"N","Y","",4,0.0329,NA,NA,5,0.1568,0.144,0.134,0.153,"","SfD11",0.0146,NA,11.4131,0.0579,6.4638,0.566349195,"Full",153,371,821.734718,0.451484,217.659063,0.312116,0.254,1.129594,1515.437951,77.562611,802.091146,4.35,334.40162,394.409529,74.095419,17.330195,1.497956,0,0,0,0,63.137426,132.411974,43.842341,14.332853,1.543328,0,0,0,0,198.352073,416.127802,137.734776,45.027987,4.848508,0,0,0,0,9.803012,36.489198,20.650759,9.369882,1.249762,0,0,0,0,56.28319986,0.188235025,0.000443769,6,13.722,0.23699481865285,369.260204081633
"17","FBT2327",36,"12/06/2023",2200,2,"W","R","HPA",1,22.5,11.5,10.2,"N","Y","N",5,0.0466,5,0.4185,1,1.1152,1.158,1.015,0.993,"","SfD11",0.0162,0.1136,9.9346,0.2338,5.3339,0.536901335,"Full",213,439,1115.271125,0.393626,260.744998,0.275913,0.239473,1.401483,2081.462803,82.701692,959.954595,4.445,589.205342,440.449894,76.711577,6.048682,1.896491,0.95914,0,0,0,105.913122,146.435882,44.766798,4.980614,2.134758,1.271038,0,0,0,332.735886,460.232983,140.639045,15.647059,6.706539,3.993084,0,0,0,15.663187,39.812008,20.76354,3.242341,1.896084,1.324531,0,0,0,68.8438966,0.195884747,0.000347639,1,20.71,0.0885799828913601,209.648493543759
"18","FBU8395",66,"12/08/2023",2600,4,"W","R","SG",2,36,18.2,16.5,"","Y","Y",4,0.0355,5,0.6495,1,0.9809,0.681,0.641,0.623,"","SfD14",0.0168,0.18223,2.24,0.1434,1.23,0.549107143,"Full",156,284,929.447789,0.305558,234.605266,0.285861,0.254,0.946602,1775.188088,69.021513,833.920674,5.665,387.834545,486.397547,52.060724,3.154973,0,0,0,0,0,75.37331,157.193673,30.239507,2.536958,0,0,0,0,0,236.808163,494.073716,95.068705,7.97009,0,0,0,0,0,11.980122,41.47908,13.95349,1.608821,0,0,0,0,0,55.32427315,0.243402372,0.000473239,1,16.274,0.113486750348675,146.192272402895
"19","FBW8179",2,"12/05/2023",2200,2,"W","R","EC",2,23.4,13.7,13,"Y","Y","",5,0.1044,NA,NA,5,0.1289,0.135,0.224,0.158,"","SfD11",0.0313,NA,6.7268,0.0459,2.7015,0.401602545,"Full",290,602,1551.731842,0.387954,412.28233,0.308655,0.254,1.176227,2894.052828,144.313764,1494.570042,4.894,715.752632,617.063721,193.857806,23.348061,1.709622,0,0,0,0,133.431975,208.254718,113.097849,19.027477,1.851735,0,0,0,0,419.188914,654.407677,355.379472,59.776581,5.817398,0,0,0,0,20.358657,57.68351,52.451223,12.242544,1.577831,0,0,0,0,49.57609719,0.216888529,0.000299808,5,10.418,0.226971677559913,356.089992242048
"20","FBX4690",37,"12/06/2023",2200,2,"W","R","HPA",2,19,15.5,16.5,"N","Y","N",5,0.043,5,1.1321,1,1.2497,1.1,1.183,1.141,"","SfD11",0.0146,0.239,13.0148,0.2566,5.6481,0.433975167,"Full",161,293,921.50696,0.317957,212.981653,0.262245,0.239473,0.803218,1760.97144,56.746535,755.272375,2.613,488.047832,410.05296,23.057229,0.348938,0,0,0,0,0,91.043712,136.016673,13.063965,0.271107,0,0,0,0,0,286.022258,427.356754,41.041656,0.851707,0,0,0,0,0,13.888677,36.82301,5.869332,0.165516,0,0,0,0,0,63.11691507,0.257284432,0.000339535,2,24.814,0.0967030397505846,205.329279026966
"21","FBY9580",68,"12/08/2023",2600,4,"W","R","SG",4,18,11.7,16,"","Y","",5,0.0611,5,0.203,1,0.8817,0.592,0.618,0.685,"","SfD14",0.02345,0.08881,0.92,0.16331,0.7,0.760869565,"Full",324,804,1694.492016,0.474478,396.628239,0.284323,0.254,1.325243,3061.226697,132.563228,1501.544111,4.971,847.347594,711.159896,115.181236,16.805906,3.683516,0.313868,0,0,0,155.501304,236.245181,68.076328,13.663571,4.000408,0.403648,0,0,0,488.537678,742.28167,213.963637,42.925376,12.567653,1.268097,0,0,0,23.461509,64.468451,32.025593,8.776515,3.423288,0.407871,0,0,0,72.25978746,0.176896718,0.000383797,2,17.18,0.105198701855367,185.22173074742
"22","FBZ6377",65,"12/08/2023",2600,4,"W","R","SG",1,30,14.6,17,"","Y","",3,0.0316,5,0.2829,1,0.4762,0.543,0.541,0.569,"","SfD14",0.01083,0.10171,0.8,0.09164,0.65,0.8125,"Full",123,289,708.271098,0.408036,183.766658,0.300308,0.26774,0.863434,1326.007219,57.981301,664.84911,2.347,269.788439,392.021755,41.205037,5.255867,0,0,0,0,0,52.409363,130.883085,24.20574,4.106907,0,0,0,0,0,164.648869,411.181339,76.116674,12.902228,0,0,0,0,0,8.357399,35.77062,11.329308,2.523975,0,0,0,0,0,65.39899335,0.186784357,0.000342722,1,10.178,0.111065037101702,192.440151196976
"23","FCA5827",5,"12/05/2023",2200,2,"W","R","EC",5,31.9,6.8,12.1,"N","Y","",4,0.03,NA,NA,5,0.288,0.314,0.31,0.286,"","SfD11",0.0139,NA,2.5881,0.0938,0.9659,0.373208145,"Full",380,843,1561.236903,0.539956,315.77177,0.23528,0.239473,0.757282,2941.234821,75.958142,1147.428124,4.88,960.079602,584.277,16.820432,0.059868,0,0,0,0,0,174.644977,181.171741,9.311505,0.045337,0,0,0,0,0,548.6793,569.353437,29.252955,0.142431,0,0,0,0,0,26.15005,45.695511,4.085616,0.026965,0,0,0,0,0,112.3192017,0.182995524,0.000463333,5,11.467,0.122249466950959,325.694444444444
"24","FCB1397",57,"12/06/2023",2200,2,"W","R","SG",2,36,14,10,"N","Y","N",5,0.0047,3,0.9622,1,0.7798,0.487,0.473,0.493,"","SfD11",0.0016,0.2751,0.824,0.1434,0.6991,0.84842233,"Full",78,162,323.56961,0.500665,63.044677,0.230123,0.18932,1.100667,601.879511,15.62427,231.884133,1.731,227.599589,88.413112,5.650147,1.515491,0.391272,0,0,0,0,42.412589,26.344442,3.351214,1.268742,0.418818,0,0,0,0,133.243077,82.811277,10.52815,3.985872,1.315757,0,0,0,0,6.47107,6.375974,1.583253,0.841568,0.352405,0,0,0,0,202.2310063,0.102404784,0.000340426,1,15.463,0.107831241283124,183.893305975891
"25","FCC1836",50,"12/08/2023",2600,4,"W","R","HPA",5,25.3,3.8,10.2,"","Y","Y",5,0.0427,5,0.5294,1,0.5966,0.926,0.994,0.914,"","SfD14",0.01229,0.9028,3.09,0.1105,1.2,0.388349515,"Full",257,417,1189.366707,0.350607,285.761077,0.277355,0.254,0.846667,2235.816456,84.341871,1033.174203,3.81,555.114281,573.675954,56.254946,4.321525,0,0,0,0,0,102.39858,191.169619,31.793938,3.41858,0,0,0,0,0,321.758324,600.720389,99.955703,10.739787,0,0,0,0,0,15.591003,52.341903,14.281552,2.127414,0,0,0,0,0,96.77515924,0.145716473,0.000287822,1,10.28,0.0930316742081448,185.216225276567
"26","FCD2673",67,"12/08/2023",2600,4,"W","R","SG",3,41,19.5,15.4,"","Y","Y",5,0.0245,5,0.4412,1,0.7751,0.513,0.534,0.468,"","SfD14",0.01295,0.15965,1.77,0.13562,1.72,0.971751412,"Full",169,294,774.377249,0.37966,193.08922,0.28904,0.254,1.322536,1446.971619,60.463096,701.173725,4.247,326.571627,403.726689,34.037121,7.842971,1.652762,0.546079,0,0,0,62.98691,131.342417,19.799495,6.514393,1.810521,0.693593,0,0,0,197.879214,412.672144,62.289893,20.465569,5.68792,2.178986,0,0,0,9.937837,34.808007,9.183109,4.278097,1.56389,0.692157,0,0,0,59.79747097,0.214180233,0.000528571,2,15.902,0.117254092316767,174.97097148755
"27","FCE1581",4,"12/05/2023",2200,2,"W","R","EC",4,25.2,8,14,"Y","Y","",5,0.476,NA,NA,5,0.189,0.189,0.154,0.15,"","SfD11",0.0178,NA,2.8118,0.336,1.4272,0.507575219,"Full",218,435,1068.890457,0.406964,287.8686,0.31962,0.26774,1.151591,1964.820178,104.231651,1067.405072,5.571,392.957395,553.353248,96.156675,23.730824,2.692314,0,0,0,0,75.473467,185.642676,56.024633,19.715967,2.835206,0,0,0,0,237.106889,583.261439,176.078675,62.051006,8.907063,0,0,0,0,11.850593,51.054883,25.985129,12.992552,2.348493,0,0,0,0,60.05002567,0.170773463,3.74e-05,6,6.321,0.0188125,1777.77777777778
"28","FCF2601",56,"12/06/2023",2200,2,"W","R","SG",1,46.7,16,17.5,"N","Y","Y",5,0.0284,5,1.5751,1,0.9725,0.823,0.755,0.69,"","SfD11",0.0046,0.3839,1.4435,0.142,1.7437,1.207966747,"Full",54,106,368.713926,0.287486,114.363571,0.34838,0.30527,0.946602,699.731799,40.99111,402.040074,1.847,98.164482,210.857202,54.978199,4.714043,0,0,0,0,0,19.13669,72.95117,32.057544,3.797512,0,0,0,0,0,60.119686,229.278407,100.711744,11.930236,0,0,0,0,0,3.06438,20.663271,14.848122,2.415338,0,0,0,0,0,80.1552013,0.112219454,0.000161972,2,15.86,0.11169014084507,146.015424164524
"29","FCG9760",73,"12/09/2023",2400,3,"W","R","SG",4,35.6,20,10,"","","",5,0.3908,5,0.0123,1,0.4215,0.439,0.479,0.453,"","TD",0.00679,0.12031,4.64,0.06366,1.05,0.226293103,"Full",49,85,317.568674,0.267659,81.415608,0.286003,0.254,0.846667,617.697047,23.584056,285.052264,2.003,130.702615,173.561572,12.35261,0.951877,0,0,0,0,0,24.152817,58.855265,6.986506,0.740366,0,0,0,0,0,75.878312,184.899269,21.948755,2.325928,0,0,0,0,0,3.685367,16.303821,3.141895,0.452973,0,0,0,0,0,46.77005508,0.287906372,1.74e-05,2,8.964,0.140810556079171,151.032028469751
"30","FCH5965",83,"12/08/2023",2800,5,"NW","R","TT",4,NA,11.5,17.6,"","Y","",5,0.0388,NA,NA,5,0.1094,0.111,0.096,0.096,"","SfD14",0.01159,NA,4.77,0.03535,2.42,0.507337526,"Full",247,447,1303.539685,0.342912,308.364975,0.273399,0.254,1.019522,2449.667091,89.067164,1115.78327,6.358,644.249515,594.564214,60.668703,3.88792,0.169333,0,0,0,0,123.320531,193.139289,35.351614,3.100119,0.172192,0,0,0,0,387.422873,606.908289,111.17184,9.739312,0.540956,0,0,0,0,19.237042,51.352094,16.38914,1.951366,0.137522,0,0,0,0,112.4710686,0.130126519,0.000298711,5,7.494,0.211994342291372,323.126142595978
"31","FCI1638",1,"12/05/2023",2200,2,"W","R","EC",1,29.4,5.8,13.1,"Y","Y","",5,0.0178,NA,NA,5,0.1573,0.213,0.226,0.364,"","SfD11",0.0141,NA,1.555,0.0471,0.5168,0.332347267,"Full",347,680,1318.066891,0.515907,283.757497,0.2628,0.239473,1.06087,2406.027301,89.878793,1077.147908,3.909,820.852856,378.481872,107.248009,11.237417,0.246737,0,0,0,0,149.342806,120.888199,63.24968,9.055646,0.256498,0,0,0,0,469.174261,379.941852,198.776829,28.449152,0.805813,0,0,0,0,22.307787,31.929874,29.674338,5.757329,0.209465,0,0,0,0,93.47992135,0.156877941,0.000792135,5,6.012,0.127643312101911,299.42784488239
"32","FCJ1591",58,"12/06/2023",2200,2,"W","R","SG",3,21.5,17.2,13.7,"N","Y","Y",5,0.0249,3,0.3529,1,1.3984,0.706,0.706,0.625,"","SfD11",0.0076,0.1016,0.7639,0.2766,0.6535,0.855478466,"Full",80,152,475.886684,0.319404,127.99616,0.309084,0.254,1.084262,894.883939,44.637035,461.54968,2.443,210.887162,207.161652,47.834138,9.485461,0.518272,0,0,0,0,40.380871,69.47516,28.568984,7.934924,0.54068,0,0,0,0,126.860247,218.310425,89.752112,24.928298,1.698597,0,0,0,0,6.335834,19.069083,13.543239,5.245555,0.443325,0,0,0,0,62.61666895,0.170262205,0.000305221,1,27.513,0.099468546637744,197.797482837529
"33","FCK8784",46,"12/08/2023",2600,4,"W","R","HPA",1,21.5,5.3,8,"","","",5,0.0135,4,0.2652,1,0.4502,0.895,0.95,0.872,"","SfD14",0.00865,0.05608,2.58,0.09691,0.94,0.364341085,"Full",99,177,544.592527,0.325014,134.65206,0.277841,0.254,0.838157,1045.000055,36.687523,475.074882,4.864,205.989171,323.84273,14.097819,0.662807,0,0,0,0,0,40.393288,102.277718,8.036126,0.513901,0,0,0,0,0,126.899256,321.314927,25.246233,1.614466,0,0,0,0,0,6.456623,26.28668,3.630982,0.313238,0,0,0,0,0,62.95867364,0.23577498,0.000640741,1,8.338,0.086038592508513,215.25988449578
"34","FCL0130",69,"12/08/2023",2600,4,"W","R","SG",5,29.8,13.9,15.5,"","Y","",5,0.0345,5,0.191,1,0.714,0.575,0.579,0.565,"","SfD14",0.01325,0.05992,0.61,0.10252,0.55,0.901639344,"Full",192,382,1163.305662,0.328375,285.366813,0.28242,0.254,1.212242,2191.698375,83.603139,1027.738685,7.829,503.047113,609.473113,43.168659,6.330489,1.286289,0,0,0,0,99.29986,196.531928,24.539144,5.311403,1.410606,0,0,0,0,311.959711,617.569165,77.091994,16.686265,4.43155,0,0,0,0,15.920757,51.852724,11.085791,3.523197,1.22067,0,0,0,0,87.79665374,0.158486872,0.000384058,1,14.687,0.143259851736247,143.585434173669
"35","FCM1008",76,"12/05/2023",2200,2,"W","R","TT",2,25.8,15.5,14.8,"N","Y","",5,0.0777,NA,NA,5,0.1016,0.178,0.133,0.12,"","SfD11",0.0322,NA,3.775,0.0353,3.049,0.807682119,"Full",331,782,1556.334871,0.502463,394.794909,0.306359,0.254,1.590742,2846.494052,145.213469,1485.250479,4.055,671.194664,728.858931,116.656369,32.145401,4.451533,2.534499,0.493473,0,0,121.031917,247.618482,68.13345,26.831203,4.824318,3.469416,0.759748,0,0,380.232981,778.23489,214.047544,84.29271,15.156043,10.899493,2.386818,0,0,18.125051,68.965878,31.635753,17.706841,4.119856,3.741118,0.918973,0,0,48.33338109,0.221742516,0.000414414,6,9.166,0.259660056657224,347.44094488189
"36","FCN7125",59,"12/06/2023",2200,2,"W","R","SG",4,37.2,19.8,10,"N","Y","Y",4,0.0537,4,0.1616,1,0.9094,0.632,0.624,0.627,"","SfD11",0.0155,0.0572,0.6067,0.1676,0.8331,1.37316631,"Full",161,289,772.075513,0.374316,209.082019,0.326135,0.26774,1.250088,1404.322123,78.73045,783.847652,1.807,278.286135,402.665384,66.544011,22.595817,1.864429,0.119737,0,0,0,53.083937,135.57595,40.045358,18.581478,2.019363,0.149682,0,0,0,166.768106,425.972183,125.806203,58.486906,6.344016,0.470238,0,0,0,8.267629,37.281768,19.193814,12.117851,1.722429,0.14696,0,0,0,49.81132342,0.196874272,0.000288641,1,16.615,0.0991348448687351,184.297338904772
"37","FCO4501",48,"12/08/2023",2600,4,"W","R","HPA",3,21.2,5.1,7,"","Y","Y",3,0.0146,5,0.6765,1,0.7561,0.897,1.004,0.96,"","SfD14",0.00493,0.1592,1.17,0.15403,1.04,0.888888889,"Full",90,122,490.106341,0.248926,111.83311,0.255907,0.239473,0.598684,946.197956,27.432873,392.887791,2.089,256.534707,226.219129,7.352506,0,0,0,0,0,0,51.402938,69.705308,3.936616,0,0,0,0,0,0,161.487092,219.033456,12.367243,0,0,0,0,0,0,8.323813,17.449235,1.659825,0,0,0,0,0,0,99.41305091,0.1797114,0.000337671,1,14.178,0.0920470038304226,203.716439624388
"38","FCP0847",87,"12/08/2023",2600,4,"W","R","TT",3,22.5,21.5,14.8,"","","",5,0.0304,NA,NA,4,0.1935,0.227,0.274,0.24,"","Djoe",0.0105,NA,7.5,0.04616,1.75,0.233333333,"Full",237,383,1049.86903,0.364807,251.223512,0.278884,0.254,1.25866,1976.579126,74.93593,913.947415,2.95,488.862135,505.841097,48.553502,4.33906,2.188569,0.084667,0,0,0,93.664412,163.704371,27.272515,3.583913,2.491278,0.106567,0,0,0,294.271354,514.435768,85.819726,11.259196,7.826581,0.334789,0,0,0,14.661925,43.394264,12.197953,2.341962,2.23448,0.105346,0,0,0,99.98752667,0.1401197,0.000345395,5,8.839,0.191486135181976,238.552971576227
"39","FCQ4012",40,"12/06/2023",2200,2,"W","R","HPA",5,19.5,7.5,9,"N","Y","",5,0.0997,5,0.7861,1,1.0034,1.037,1.351,1.308,"","SfD11",0.0482,0.2234,10.9958,0.2235,2.5699,0.23371651,"Full",156,398,966.875065,0.411635,296.239551,0.360265,0.30527,2.143589,1771.77169,129.933781,1093.222903,4.321,323.803155,427.013422,182.300895,21.855607,6.983024,1.966631,1.084894,1.074622,0.792815,59.593978,148.193505,106.25278,18.056675,7.750329,2.653963,1.756385,2.009429,1.653114,187.251851,465.659172,333.875054,56.726717,24.348375,8.33767,5.517848,6.312806,5.193412,9.059372,42.416555,49.160829,11.79701,6.780175,2.819029,2.238213,2.954275,2.708322,20.05964865,0.370958188,0.00048345,1,19.653,0.0879328859060403,222.742674905322
"40","FCR0255",38,"12/06/2023",2200,2,"W","R","HPA",3,9.1,10,9,"N","Y","N",4,0.0088,5,0.8201,1,1.5822,1.096,1.168,1.48,"","SfD11",0.0032,0.183,6.0972,0.2741,2.7975,0.458817162,"Full",62,124,210.729988,0.588431,53.609212,0.323119,0.26774,1.030014,367.617086,21.344409,211.142656,0.876,86.196094,94.667229,23.825246,5.914419,0.127,0,0,0,0,15.775957,32.391936,14.004705,4.906273,0.129923,0,0,0,0,49.561631,101.762269,43.997077,15.413512,0.408167,0,0,0,0,2.384129,9.099841,6.543975,3.212071,0.104393,0,0,0,0,65.85312125,0.149922165,0.000363636,1,24.207,0.0883144837650492,173.239792693718
"41","FCS7407",49,"12/08/2023",2600,4,"W","R","HPA",4,25.2,6.4,9,"","Y","Y",5,0.0277,5,0.6582,1,0.8883,0.781,0.725,0.791,"","SfD14",0.01312,0.12652,4.2,0.13588,1.63,0.388095238,"Full",120,196,629.694274,0.311262,150.671742,0.272705,0.254,0.957894,1190.181791,40.605331,536.869275,3.356,260.731082,353.345628,13.528188,2.089376,0,0,0,0,0,52.025895,109.385029,7.693562,1.76839,0,0,0,0,0,163.44417,343.699505,24.170037,5.555562,0,0,0,0,0,8.404114,27.548128,3.472177,1.180911,0,0,0,0,0,47.9949904,0.323110283,0.000473646,1,15.074,0.110936120105976,152.966340200383
"42","FCT4052",86,"12/08/2023",2600,4,"W","R","TT",2,36.2,9.4,18,"","Y","",4,0.0481,NA,NA,5,0.1821,0.11,0.123,0.116,"","SfD14",0.01797,NA,2.86,0.06666,0.5,0.174825175,"Full",295,530,1353.774059,0.391498,341.886413,0.293154,0.254,1.295151,2538.630411,112.656251,1242.446096,2.935,634.782319,592.299273,109.130578,14.004126,3.395692,0.16207,0,0,0,119.060463,197.552629,63.160812,11.736197,3.758386,0.206375,0,0,0,374.064653,620.629887,198.425544,36.870349,11.807318,0.648345,0,0,0,18.348186,54.062765,28.990235,7.771807,3.276819,0.206439,0,0,0,75.33522866,0.159511788,0.000373597,5,14.458,0.216891689168917,366.062602965404
"43","FCU3875",60,"12/06/2023",2200,2,"W","R","SG",5,27.4,15.6,8,"Y","Y","Y",5,0.072,3,0.1772,1,0.5447,0.646,0.659,0.921,"","SfD11",0.0218,0.0488,0.6642,0.1179,0.5438,0.818729298,"Full",149,377,1101.43895,0.34228,331.140915,0.354316,0.30527,1.281239,2002.48894,127.17214,1218.194291,4.821,236.275821,699.154639,137.806106,23.323263,4.61485,0.264272,0,0,0,47.936257,233.676626,81.526956,19.189389,5.037933,0.335299,0,0,0,150.596193,734.307864,256.124487,60.285242,15.827132,1.053372,0,0,0,7.906658,63.777504,38.345307,12.475272,4.333245,0.334155,0,0,0,50.52472248,0.171421193,0.000302778,1,10.442,0.0885665818490246,216.449421700018
"44","FCV8597",39,"12/06/2023",2200,2,"W","R","HPA",4,27.5,7.5,15,"N","Y","N",5,0.0498,5,0.5776,1,0.8705,1.039,1.142,1.105,"","SfD11",0.0185,0.1581,5.0549,0.1887,1.8183,0.35971038,"Full",194,299,1009.189064,0.296277,272.112359,0.305654,0.26774,1.06087,1925.273368,86.689275,966.780685,9.262,383.080964,539.231236,79.975498,6.527629,0.373737,0,0,0,0,74.584564,181.208248,46.144402,5.347519,0.382546,0,0,0,0,234.314319,569.42582,145.039016,16.799728,1.201804,0,0,0,0,11.87218,49.873481,21.171921,3.464107,0.307587,0,0,0,0,54.55076022,0.213405868,0.000371486,1,18.178,0.0963328033916269,216.771970132108
"45","FCW1015",47,"12/08/2023",2600,4,"W","R","HPA",2,30.1,6.5,9.8,"","Y","Y",5,0.0501,5,0.7454,1,1.6296,0.836,0.936,0.908,"","SfD14",0.01431,0.14541,6.33,0.19215,2.02,0.319115324,"Full",149,333,830.649605,0.400891,227.530011,0.326452,0.254,1.135923,1511.850708,88.879016,847.161427,5.597,361.338989,324.013701,118.824697,25.181675,1.290544,0,0,0,0,67.954096,107.512634,72.508545,20.242179,1.350884,0,0,0,0,213.484088,337.808674,228.032058,63.59268,4.243927,0,0,0,0,10.455898,29.237166,35.241534,12.832559,1.111858,0,0,0,0,58.0467928,0.161005383,0.000285629,1,15.302,0.0796357012750455,117.912371134021
"46","FCX5914",85,"12/08/2023",2600,4,"W","R","TT",1,17.5,9.2,17,"","","",4,0.0296,NA,NA,5,0.1726,0.144,0.135,0.12,"","Djoe",0.01187,NA,6.23,0.05718,2.96,0.475120385,"Full",231,456,1095.216982,0.416356,241.051489,0.255433,0.239473,0.965349,2070.085319,65.49297,872.78178,2.478,649.617339,399.902288,43.564399,2.132956,0,0,0,0,0,121.174527,130.378619,24.503333,1.748452,0,0,0,0,0,380.712853,409.596513,76.979492,5.492923,0,0,0,0,0,18.544785,34.87443,10.941425,1.13233,0,0,0,0,0,92.26764802,0.181240826,0.000401014,7,13.664,0.238964672962574,331.286210892236
"47","FDB8375",21,"12/08/2023",2600,4,"W","R","HF",1,23.5,10,15.5,"","","",5,0.0229,NA,NA,5,0.459,0.36,0.366,0.32,"","Djoe",0.01028,NA,18.99,0.10583,2.69,0.141653502,"Full",273,491,1272.809424,0.385761,272.266481,0.246384,0.239473,0.911888,2408.6491,67.709641,981.895891,4.941,734.539392,521.66552,14.994082,1.610429,0,0,0,0,0,140.397952,162.197914,8.555177,1.314664,0,0,0,0,0,441.073174,509.815696,26.876881,4.130139,0,0,0,0,0,21.927076,41.056328,3.880474,0.845764,0,0,0,0,0,123.8141463,0.15182476,0.000448908,4,11.294,0.106718321836908,230.566448801743
"48","FDF3034",28,"12/09/2023",2400,3,"W","R","HF",3,22,15,12,"","Y","",4,0.0372,NA,NA,5,0.852,0.414,0.387,0.385,"","Djoe",0.0131,NA,9.4,0.17765,8.92,0.94893617,"Full",126,200,651.10214,0.307171,164.381392,0.293245,0.254,1.103918,1220.042918,52.992536,597.954148,2.661,292.07288,306.824517,45.031842,6.101287,1.071614,0,0,0,0,55.275822,102.859846,25.954066,5.11063,1.134353,0,0,0,0,173.654115,323.143735,81.537104,16.055518,3.563676,0,0,0,0,8.503776,28.287489,11.872749,3.384461,0.944061,0,0,0,0,49.70245344,0.247204625,0.000352151,5,26.82,0.150971010413735,208.509389671362
"49","FDJ1565",27,"12/09/2023",2400,3,"W","R","HF",2,35.3,13.3,10,"","Y","",5,0.2574,NA,NA,5,0.8073,0.397,0.326,0.287,"","Djoe",0.10309,NA,26.24,0.12571,18.27,0.696265244,"Full",305,925,2471.003003,0.374342,675.720871,0.326106,0.26774,1.581704,4538.395669,271.691198,2515.286495,5.953,1040.807861,1084.192301,239.81183,81.593493,20.036519,4.152191,0.408807,0,0,190.016967,370.59165,143.052441,68.535884,22.064408,5.577426,0.632769,0,0,596.955908,1164.603808,449.587666,215.31183,69.317381,17.522,1.987903,0,0,28.643295,103.758868,67.954185,45.508481,19.155191,5.901788,0.76939,0,0,23.9693763,0.37943813,0.000400505,9,26.855,0.213626600906849,155.716586151369
"50","FDN1018",26,"12/09/2023",2400,3,"W","R","HF",1,28.6,13.5,13,"","Y","",4,0.1848,NA,NA,5,0.6985,0.372,0.333,0.33,"","TD",0.06653,NA,15.24,0.15285,62.17,4.079396325,"Full",171,554,1398.335213,0.396185,402.517116,0.35809,0.254,1.643929,2474.991466,204.599001,1559.012268,3.451,626.556372,473.665663,153.861529,104.521745,33.095818,5.893875,0.74021,0,0,114.764083,153.325481,93.958188,88.568801,36.641971,7.737658,1.160086,0,0,360.541999,481.733977,295.250455,278.418606,115.114147,24.308569,3.644516,0,0,17.311942,40.724095,45.726034,59.426655,31.984447,7.996585,1.429243,0,0,21.01811533,0.325172653,0.000360011,5,21.979,0.143794569839712,218.82605583393
"51","FDR6843",94,"12/09/2023",2400,3,"W","R","TT",5,23.9,20.1,19.6,"","Y","",5,0.0381,NA,NA,5,0.2408,0.2,0.145,0.21,"","TD",0.01659,NA,10.9,0.0898,2.35,0.21559633,"Full",263,515,1321.921252,0.389584,293.551384,0.260498,0.239473,0.957894,2489.572132,85.149809,1073.262058,4.18,775.449128,462.330424,74.775975,9.365725,0,0,0,0,0,142.269843,148.593553,43.126016,7.576615,0,0,0,0,0,446.953894,466.925604,135.579922,23.802638,0,0,0,0,0,21.361133,39.159617,19.795889,4.833171,0,0,0,0,0,79.68181145,0.194833085,0.000435433,5,19.969,0.222371937639198,372.923588039867
"52","FDV4335",93,"12/09/2023",2400,3,"W","R","TT",4,24.6,13.2,21.6,"","Y","",4,0.0436,NA,NA,5,0.1258,0.128,0.128,0.125,"","TD",0.01805,NA,22.5,0.04521,3.47,0.154222222,"Full",241,487,1325.862079,0.367308,290.418774,0.252789,0.239473,1.185333,2517.458332,79.482784,1047.741259,4.907,764.32844,514.142133,40.553018,5.869077,0.969412,0,0,0,0,137.938829,166.222167,23.256412,4.993287,1.060225,0,0,0,0,433.363535,522.297883,73.062173,15.686874,3.330795,0,0,0,0,20.554292,44.075025,10.58266,3.356665,0.914141,0,0,0,0,73.45496283,0.227093203,0.000413991,5,11.387,0.251869055518691,359.379968203498
"53","FDY4037",55,"12/09/2023",2400,3,"W","R","HPA",5,28.8,5.3,8,"","Y","Y",3,0.0172,5,0.2983,1,0.8981,0.987,0.729,0.959,"","TD",0.00573,0.06399,4.28,0.17296,1.54,0.359813084,"Full",103,216,529.354592,0.408044,109.222004,0.239963,0.18932,0.850889,997.734479,28.417527,396.306604,1.627,351.923881,160.093769,15.183443,2.153499,0,0,0,0,0,63.055043,52.827868,8.576774,1.688625,0,0,0,0,0,198.093261,165.963642,26.94473,5.304972,0,0,0,0,0,9.275285,14.253959,3.846891,1.041392,0,0,0,0,0,92.38300035,0.201636124,0.00033314,1,14.956,0.0864708603145236,192.584344727759
"54","FDZ1151",92,"12/09/2023",2400,3,"W","R","TT",3,37.6,19.5,21.5,"","Y","",5,0.0314,NA,NA,5,0.2419,0.237,0.371,0.222,"","TD",0.013,NA,23.82,0.08581,3.18,0.133501259,"Full",281,475,1140.441533,0.416505,243.538939,0.246726,0.239473,0.900019,2183.127833,63.558866,879.085216,3.89,670.561551,439.276631,28.392991,2.210359,0,0,0,0,0,120.340091,141.442492,16.131079,1.774435,0,0,0,0,0,378.059545,444.773837,50.67728,5.574553,0,0,0,0,0,17.846681,37.301137,7.289623,1.121426,0,0,0,0,0,87.72627177,0.204534801,0.000414013,5,12.063,0.140578021209649,354.733360892931
"55","FEC6189",14,"12/09/2023",2400,3,"W","R","EC",4,20.8,11.6,12.5,"","Y","",5,0.028,NA,NA,5,0.1414,0.241,0.229,0.168,"","TD",0.00904,NA,7.95,0.04062,0.93,0.116981132,"Full",214,334,949.475283,0.351773,191.868792,0.237315,0.18932,1.023031,1796.568272,50.716781,702.783463,3.005,622.22285,295.75282,26.035089,5.362323,0.102202,0,0,0,0,109.16499,94.511636,15.481672,4.409658,0.104556,0,0,0,0,342.951932,297.012606,48.637106,13.853349,0.328471,0,0,0,0,15.766462,24.671746,7.331897,2.862667,0.084009,0,0,0,0,105.0304517,0.178244751,0.000322857,5,7.398,0.182127031019202,287.270155586987
"56","FED1194",91,"12/09/2023",2400,3,"W","R","TT",2,28.5,16,16.5,"","","",4,0.0288,NA,NA,5,0.174,0.126,0.103,0.161,"","TD",0.01425,NA,2.23,0.06445,2.61,1.170403587,"Full",116,238,536.457227,0.443651,133.186114,0.292776,0.254,1.17927,996.177651,44.263995,490.59479,2.654,251.463216,233.86462,44.062946,6.002094,1.06435,0,0,0,0,47.218036,76.939936,25.835422,4.975462,1.141002,0,0,0,0,148.339836,241.875142,81.164373,15.630874,3.584564,0,0,0,0,7.280599,20.714468,12.046656,3.259367,0.962905,0,0,0,0,37.64612119,0.32193208,0.000494792,4,17.111,0.265492629945694,370.402298850575
"57","FEG8108",74,"12/09/2023",2400,3,"W","R","SG",5,42.2,21.3,10,"","","",4,0.0266,5,0.242,1,1.018,0.604,0.607,0.598,"","TD",0.00948,0.08927,1.53,0.16146,0.98,0.640522876,"Full",170,325,802.913315,0.404776,177.492477,0.251685,0.239473,0.83387,1524.049455,46.825722,634.510234,3.079,470.320777,304.840778,26.183665,1.568096,0,0,0,0,0,88.178401,97.252277,15.233216,1.220816,0,0,0,0,0,277.020618,305.797751,47.856559,3.835306,0,0,0,0,0,13.549052,25.491313,7.038295,0.747063,0,0,0,0,0,84.69549736,0.202452831,0.000356391,1,17.96,0.111234980800198,158.60510805501
"58","FEH0081",90,"12/09/2023",2400,3,"W","R","TT",1,31,18.9,19,"","","",5,0.0237,NA,NA,5,0.234,0.142,0.137,0.147,"","Djoe",0.0102,NA,4.93,0.07888,5.26,1.06693712,"Full",170,393,857.687413,0.458209,194.429719,0.272998,0.239473,1.317104,1576.524059,64.205967,727.278451,2.05,489.166978,300.798871,53.475473,10.921786,2.975367,0.348938,0,0,0,87.094696,99.61758,31.858988,9.141534,3.270198,0.444438,0,0,0,273.616056,313.099831,100.173717,28.718975,10.27363,1.396242,0,0,0,12.771564,26.985918,15.111855,6.056947,2.834938,0.444745,0,0,0,84.08700127,0.158863739,0.00043038,6,14.873,0.188552231237322,337.094017094017
"59","FEK5954",52,"12/09/2023",2400,3,"W","R","HPA",2,32.4,9,10,"","Y","Y",1,0.0053,5,0.5651,1,0.9391,0.992,0.969,0.922,"","TD",0.0029,0.11125,0.86,0.16845,0.75,0.872093023,"Full",11,11,67.909679,0.16198,13.31897,0.215222,0.18932,0.423333,134.834174,2.590919,45.936338,0.733,51.837753,16.071926,0,0,0,0,0,0,0,10.216584,4.405406,0,0,0,0,0,0,0,32.096345,13.839992,0,0,0,0,0,0,0,1.623105,0.967813,0,0,0,0,0,0,0,23.41713069,1.119293965,0.00054717,1,17.014,0.101003265063817,179.373868597593
"60","FEL2208",8,"12/08/2023",2600,4,"W","R","EC",3,26.2,9.5,17.2,"","Y","",5,0.026,NA,NA,5,0.1797,0.16,0.18,0.187,"","Djoe",0.01002,NA,12.7,0.05629,1.23,0.096850394,"Full",214,355,961.957474,0.369039,214.241507,0.256532,0.239473,1.030014,1827.547512,56.500935,771.098144,3.517,520.492789,416.258211,22.893912,2.143227,0.169333,0,0,0,0,99.367448,130.932779,13.144294,1.791561,0.173529,0,0,0,0,312.187969,411.442645,41.294018,5.628355,0.545157,0,0,0,0,15.495567,33.67473,6.00469,1.18628,0.139667,0,0,0,0,96.00373992,0.177342198,0.000385385,5,10.299,0.182963226150293,313.244296048971
"61","FEO1874",51,"12/09/2023",2400,3,"W","R","HPA",1,13.5,4.2,9,"","Y","Y",3,0.0229,5,0.7407,1,0.8182,0.954,0.893,0.922,"","TD",0.00867,0.13608,1.17,0.15648,0.91,0.777777778,"Full",119,244,556.002374,0.438847,126.888635,0.263661,0.239473,0.987374,1053.039311,35.802203,457.932737,2.118,288.819658,243.218436,20.774237,3.190043,0,0,0,0,0,53.440364,77.400087,12.197886,2.655965,0,0,0,0,0,167.887856,243.207317,38.392891,8.444673,0,0,0,0,0,8.133613,20.164226,5.712471,1.791894,0,0,0,0,0,64.1294549,0.242163869,0.000378603,1,14.659,0.0936797034764826,191.249083353703
"62","FEP9413",88,"12/08/2023",2600,4,"W","R","TT",4,17.2,14.6,21.2,"","","",5,0.024,NA,NA,5,0.1739,0.179,0.177,0.188,"","Djoe",0.01014,NA,25.92,0.05042,2.25,0.086805556,"Full",188,392,949.364572,0.412908,219.985223,0.274748,0.254,1.100667,1746.1659,64.238945,811.846791,2.302,440.838851,471.450356,33.8212,2.676026,0.57814,0,0,0,0,82.682967,153.726771,19.170232,2.159692,0.606282,0,0,0,0,259.756202,483.090213,60.310816,6.784871,1.90469,0,0,0,0,12.701534,40.993212,8.667231,1.377287,0.49968,0,0,0,0,93.62569744,0.157848171,0.0004225,6,10.053,0.199385164617215,289.936745255894
"63","FES3675",30,"12/09/2023",2400,3,"W","R","HF",5,41.2,14.4,8,"","Y","",5,0.0656,NA,NA,5,0.9684,0.379,0.454,0.385,"","TD",0.01492,NA,5.13,0.22844,3.97,0.773879142,"Full",174,416,983.009831,0.42319,246.017429,0.298348,0.254,1.185333,1802.830664,85.287418,915.303481,3.187,445.050269,450.05187,67.949823,16.376555,3.581314,0,0,0,0,82.60391,151.431581,39.521677,13.876607,3.791764,0,0,0,0,259.539684,475.879661,124.233112,43.594646,12.056378,0,0,0,0,12.610759,41.843203,18.299431,9.29842,3.235605,0,0,0,0,65.88537741,0.174937879,0.000227439,5,30.487,0.133457362983716,235.894258570838
"64","FET3274",84,"12/08/2023",2800,5,"NW","R","TT",5,NA,12,18,"","Y","",5,0.0191,NA,NA,5,0.1717,0.136,0.121,0.177,"","SfD14",0.1004,NA,19.21,0.05594,3.32,0.172826653,"Full",214,444,1137.416052,0.390358,247.497713,0.252849,0.239473,1.100667,2136.070561,66.006879,898.554412,4.142,667.206732,429.824905,34.970733,5.064744,0.348938,0,0,0,0,128.835271,132.425689,20.12825,4.229411,0.369719,0,0,0,0,404.747941,416.123118,63.234761,13.287086,1.161506,0,0,0,0,20.250786,33.454689,9.202123,2.791429,0.307852,0,0,0,0,11.32884514,1.521053586,0.005256545,5,12.585,0.224973185555953,325.800815375655
"65","FEU2975",53,"12/09/2023",2400,3,"W","R","HPA",3,33.5,6.9,8,"","Y","Y",3,0.0293,5,0.5238,1,0.4367,0.762,0.755,0.864,"","TD",0.01072,0.09544,1.45,0.08267,0.8,0.551724138,"Full",56,80,347.932337,0.22993,95.532067,0.30989,0.254,1.033488,665.943427,32.740988,336.682279,1.61,167.961413,126.501985,49.394152,3.88792,0.186868,0,0,0,0,31.007532,44.111783,28.694177,3.164304,0.191501,0,0,0,0,97.413035,138.581253,90.145416,9.940955,0.601618,0,0,0,0,4.666137,12.662767,13.220862,2.037083,0.154139,0,0,0,0,32.45637472,0.327418342,0.00036587,1,9.015,0.109048022257167,189.306159835127
"66","FEV1588",22,"12/08/2023",2600,4,"W","R","HF",2,17.7,7.5,20,"","","",5,0.0223,NA,NA,5,0.5792,0.353,0.339,0.334,"","Djoe",0.00913,NA,7.28,0.14626,1.33,0.182692308,"Full",142,297,768.040441,0.386698,190.698543,0.294943,0.254,1.176227,1413.54203,62.105082,706.114674,3.364,328.13723,386.986581,43.526107,8.565646,0.824877,0,0,0,0,62.393804,129.043686,25.225875,7.191254,0.893456,0,0,0,0,196.015915,405.45047,79.249424,22.591991,2.806873,0,0,0,0,9.696902,35.264342,11.615059,4.767265,0.761514,0,0,0,0,84.12272081,0.147008903,0.000409417,8,18.153,0.124114590455353,252.520718232044
"67","FEY3832",6,"12/08/2023",2600,4,"W","R","EC",1,19.4,7.5,11,"","","",4,0.0298,NA,NA,4,0.1059,0.17,0.164,0.166,"No scan?","Djoe",0.01063,NA,3.49,0.03243,0.5,0.143266476,"Full",178,314,932.442329,0.33675,212.711044,0.26147,0.239473,1.31438,1780.029271,60.220092,763.42978,3.584,508.670699,382.843629,32.845557,6.542155,0.927079,0.61321,0,0,0,95.571517,120.637904,19.46901,5.496651,1.001673,0.78487,0,0,0,300.246776,379.138473,61.1637,17.26824,3.146849,2.465742,0,0,0,14.745116,31.020149,9.158685,3.652756,0.854204,0.789182,0,0,0,87.71799897,0.176519159,0.000356711,5,6.192,0.190934320074006,306.232294617564
"68","FEZ5712",24,"12/08/2023",2600,4,"W","R","HF",4,24,9.7,19.6,"","Y","",5,0.0153,NA,NA,4,0.496,0.379,0.329,0.309,"No 3rd order roots/Root scan empty","Djoe",0.00378,NA,6.15,0.12884,1.03,0.167479675,"Full",51,66,277.937234,0.237464,73.73462,0.29742,0.26774,0.863434,532.245418,21.533563,259.215384,2.248,84.332395,181.528018,10.82861,1.24821,0,0,0,0,0,16.795467,58.49893,6.198299,0.98771,0,0,0,0,0,52.764515,183.875356,19.472531,3.102982,0,0,0,0,0,2.72436,15.375032,2.818666,0.615505,0,0,0,0,0,73.52836878,0.175539923,0.000247059,4,13.364,0.103725551071096,259.758064516129
"69","FFC7215",82,"12/08/2023",2800,5,"NW","R","TT",3,NA,15.2,19.2,"","Y","",5,0.0282,NA,NA,5,0.1293,0.085,0.105,0.097,"","SfD14",0.01083,NA,24.87,0.0405,11.39,0.457981504,"Full",194,382,900.798092,0.424068,232.108855,0.306958,0.254,1.439333,1653.151522,81.179114,862.026212,1.934,357.093194,461.358947,61.809941,16.588222,2.868911,1.078877,0,0,0,70.525619,149.125307,36.235592,13.944006,3.107938,1.437797,0,0,0,221.562765,468.538741,113.83747,43.806387,9.763875,4.516973,0,0,0,11.357638,39.511489,16.883425,9.266305,2.651777,1.508479,0,0,0,83.17618578,0.133408699,0.000384043,6,9.295,0.229506172839506,313.22505800464
"70","FFD9944",25,"12/08/2023",2600,4,"W","R","HF",5,22,6.8,15,"","","",4,0.0428,NA,NA,5,0.3042,0.29,0.332,0.311,"Root scan empty","Djoe",0.01071,NA,8.07,0.06996,0.64,0.079306072,"Full",315,777,1548.360432,0.501821,319.148107,0.24857,0.239473,1.52635,2840.032095,90.526024,1196.350343,4.787,943.688521,552.366729,40.019704,8.587436,1.435079,1.744692,0.518272,0,0,172.549913,173.161338,23.190457,7.085366,1.582063,2.373739,0.788518,0,0,542.081538,544.154234,72.950516,22.259333,4.970198,7.457322,2.477202,0,0,25.957775,44.385542,10.699956,4.621555,1.375888,2.543062,0.942248,0,0,144.5714689,0.118308521,0.000250234,6,11.461,0.163822184105203,229.980276134122
"71","FFG0527",35,"12/13/2023",2200,2,"W","R","HF",5,37,20,12.5,"","","",5,0.0334,NA,NA,5,0.4812,0.305,0.35,0.342,"","TD",0.01338,NA,15.63,0.12929,3.56,0.227767115,"Full",218,394,1092.792162,0.360544,224.45654,0.235171,0.239473,1.033488,2078.632523,54.461143,804.676855,4.601,693.875361,373.867627,22.701543,2.065824,0.281807,0,0,0,0,127.816218,113.430609,12.809631,1.738367,0.28841,0,0,0,0,401.546492,356.448315,40.314741,5.461241,0.906066,0,0,0,0,19.332046,27.996512,5.744989,1.155756,0.23184,0,0,0,0,81.67355471,0.24567975,0.000400599,6,14.509,0.112220589372728,268.682460515378
"72","FFH9263",80,"12/08/2023",2800,5,"NW","R","TT",1,NA,13.2,20.4,"","Y","",5,0.122,NA,NA,5,0.1446,0.158,0.12,0.14,"","SfD14",0.03174,NA,34.25,0.04532,4.85,0.141605839,"Full",248,480,1908.682086,0.251482,565.007831,0.339084,0.30527,1.250088,3598.216169,203.127241,2026.955016,5.189,551.955961,1108.203597,213.798015,31.287733,3.394446,0.042333,0,0,0,109.423339,381.666243,124.501377,25.839718,3.64019,0.05292,0,0,0,343.763559,1199.278728,391.132613,81.177869,11.435993,0.166254,0,0,0,17.673361,107.837535,57.631535,16.858826,3.074024,0.051958,0,0,0,60.13491134,0.156256738,0.000260164,7,10.794,0.238172992056487,313.416320885201
"73","FFK2932",31,"12/13/2023",2200,2,"W","R","HF",1,45,13.5,13,"","Y","",5,0.0648,NA,NA,5,0.411,0.345,0.341,0.377,"","TD",0.0358,NA,2.59,0.10698,1.81,0.698841699,"Full",206,328,1170.683785,0.280178,295.013747,0.292101,0.254,1.023031,2205.252394,95.515827,1065.905574,4.862,583.170331,472.622106,101.372185,13.399425,0.119737,0,0,0,0,111.945731,155.886,60.244537,11.074313,0.122494,0,0,0,0,351.687886,489.778086,189.263794,34.79098,0.384828,0,0,0,0,17.407624,42.318805,28.453546,7.237429,0.098423,0,0,0,0,32.70066439,0.374806994,0.000552469,5,11.601,0.108440830061694,260.29197080292
"74","FFL3841",32,"12/13/2023",2200,2,"W","R","HF",2,46.5,32.5,14,"","","",5,0.043,NA,NA,5,0.8081,0.294,0.401,0.312,"9 leaf pieces","TD",0.01903,NA,10.24,0.19192,6.89,0.672851563,"Full",260,390,1195.081581,0.326338,269.196594,0.255678,0.239473,0.990998,2306.963548,69.985116,955.6943,4.603,630.111856,533.268201,28.35242,3.349104,0,0,0,0,0,118.325585,166.760071,16.313299,2.807989,0,0,0,0,0,371.730789,523.892213,51.24974,8.821559,0,0,0,0,0,18.282253,42.386606,7.455843,1.860415,0,0,0,0,0,62.79987288,0.27191496,0.000442558,10,22.476,0.117111296373489,237.495359485212
"75","FFO5284",89,"12/08/2023",2600,4,"W","R","TT",5,14,11.6,12.8,"","Y","",4,0.0239,NA,NA,4,0.1521,0.203,0.299,0.301,"","Djoe",0.00789,NA,5.34,0.04988,0.087,0.016292135,"Full",206,350,1189.621186,0.294211,249.854339,0.237189,0.239473,0.780588,2294.106426,58.421813,883.39182,3.505,761.812936,410.623107,17.058143,0.127,0,0,0,0,0,145.569304,125.917483,9.577989,0.097161,0,0,0,0,0,457.319456,395.676984,30.090139,0.305242,0,0,0,0,0,22.609569,31.484944,4.268908,0.058393,0,0,0,0,0,150.7758157,0.135052296,0.000330126,6,12.889,0.258400160384924,327.942143326759
"76","FFP1160",19,"12/08/2023",2800,5,"NW","R","HF",4,21.6,7.1,17,"","Y","",5,0.0572,NA,NA,5,0.4485,0.345,0.336,0.301,"","SfD14",0.01827,NA,6.84,0.10985,11.11,1.624269006,"Full",279,618,1522.145274,0.406006,376.762687,0.292568,0.254,1.590742,2813.903757,127.253429,1389.679655,4.383,734.466635,658.148379,104.806988,18.748984,3.855858,1.505219,0.61321,0,0,138.902115,219.063647,61.49686,15.501743,4.331303,2.035622,0.951228,0,0,436.373865,688.416892,193.198083,48.700162,13.607188,6.395095,2.988371,0,0,21.499994,59.768933,28.690737,10.13007,3.833524,2.170943,1.159228,0,0,83.31391757,0.14357177,0.000319406,5,13.789,0.125525716886664,244.927536231884
"77","FFS2715",34,"12/13/2023",2200,2,"W","R","HF",4,31,11,13,"","","",5,0.0514,NA,NA,5,0.6533,0.32,0.361,0.335,"6 leaf pieces","TD",0.03064,NA,21.04,0.15607,6.87,0.326520913,"Full",294,539,1555.530183,0.346506,354.834416,0.261556,0.254,1.325243,2968.633837,97.701284,1273.414864,5.219,792.364322,716.683168,37.642504,6.736287,1.089149,1.014754,0,0,0,147.383351,228.261168,21.532936,5.605871,1.210484,1.285903,0,0,0,463.018453,717.294701,67.647713,17.611363,3.802849,4.039785,0,0,0,22.527213,59.36454,9.785431,3.683328,1.060741,1.280031,0,0,0,50.76795636,0.31360898,0.000596109,6,18.569,0.11897866342026,238.89484157355
"78","FFT9800",71,"12/09/2023",2400,3,"W","R","SG",2,38.9,21.5,8,"","Y","Y",4,0.0315,5,0.2278,1,0.6912,0.521,0.592,0.533,"","TD",0.00464,0.08481,1.19,0.11621,0.68,0.571428571,"Full",54,150,529.047382,0.283528,146.345585,0.314897,0.30527,0.863434,997.900841,46.559796,520.976338,2.694,166.212982,324.536869,37.003979,1.293552,0,0,0,0,0,32.416419,111.254607,21.097072,1.030338,0,0,0,0,0,101.839182,349.621846,66.278407,3.236903,0,0,0,0,0,5.178409,31.20544,9.52998,0.645967,0,0,0,0,0,114.0188323,0.099656794,0.000147302,1,12.847,0.110549866620773,168.127893518519
"79","FFU7165",70,"12/09/2023",2400,3,"W","R","SG",1,37,22.2,15,"","Y","Y",5,0.0742,5,0.3228,1,1.0568,0.712,0.694,0.794,"","TD",0.00934,0.06723,1.79,0.1702,0.89,0.497206704,"Full",119,432,965.296483,0.447531,310.440239,0.375633,0.338667,1.554273,1764.423012,128.564625,1133.563339,3.551,216.670326,550.921217,163.165321,28.61493,4.169726,1.328622,0.426342,0,0,40.981331,193.167231,95.925003,23.605153,4.504576,1.837953,0.648035,0,0,128.746649,607.340125,301.357286,74.157774,14.151544,5.774099,2.035862,0,0,6.43452,55.323721,44.810975,15.386951,3.831026,2.003742,0.773689,0,0,103.3508012,0.072648289,0.000125876,1,18.747,0.110146886016451,161.052233156699
"80","FFW6775",33,"12/13/2023",2200,2,"W","R","HF",3,44.3,23,12,"","","",5,0.0465,NA,NA,5,0.686,0.362,0.368,0.332,"","TD",0.01905,NA,6.89,0.18022,5.41,0.785195936,"Full",260,337,1177.021662,0.286316,260.291594,0.252332,0.239473,0.871697,2247.271129,66.595081,930.317141,4.65,675.29644,473.682416,27.115728,0.927079,0,0,0,0,0,129.114868,151.243417,15.018272,0.73738,0,0,0,0,0,405.626322,475.19298,47.181291,2.316547,0,0,0,0,0,20.016005,39.523135,6.594164,0.461777,0,0,0,0,0,61.78591402,0.286057164,0.000409677,5,17.963,0.0996726223504606,262.711370262391
"81","FFX9242",18,"12/08/2023",2800,5,"NW","R","HF",3,18.6,10.8,23,"","Y","",5,0.0747,NA,NA,5,0.4311,0.37,0.337,0.376,"","SfD14",0.02463,NA,12.64,0.10177,6.2,0.490506329,"Full",305,621,1685.012395,0.368543,453.771494,0.319616,0.26774,1.25866,3106.594964,166.889415,1681.134227,4.954,633.658314,850.757923,154.585664,40.376635,5.591525,0.042333,0,0,0,121.05102,281.690781,92.375894,33.700077,6.112299,0.053283,0,0,0,380.30892,885.053232,290.298213,106.104114,19.202353,0.167394,0,0,0,18.963777,76.403432,43.886733,22.315278,5.267521,0.052673,0,0,0,68.41300832,0.147582757,0.000329719,5,15.554,0.152834823621893,236.070517281373
"82","FFY6725",9,"12/08/2023",2600,4,"W","R","EC",4,30.2,10,16,"","","",5,0.0801,NA,NA,5,0.235,0.17,0.182,0.186,"","Djoe",0.02,NA,11.83,0.08155,1.62,0.136939983,"Full",430,964,2294.106374,0.420207,491.868192,0.252074,0.239473,1.135923,4269.881912,136.758801,1806.675895,5.824,1412.215738,762.976714,108.60182,9.307619,1.004482,0,0,0,0,264.417817,239.178668,62.823499,7.536917,1.065071,0,0,0,0,830.693072,751.593037,197.365843,23.677924,3.346019,0,0,0,0,40.526107,61.660872,28.857481,4.826088,0.888253,0,0,0,0,114.7053187,0.146242873,0.000249688,5,13.813,0.169380748007357,347.021276595745
"83","FGA6390",13,"12/09/2023",2400,3,"W","R","EC",3,27.7,9.9,13,"","Y","",5,0.1072,NA,NA,5,0.1708,0.175,0.167,0.164,"","TD",0.03386,NA,11.49,0.05967,1.91,0.166231506,"Full",266,821,1569.506216,0.523094,444.943555,0.357461,0.26774,1.745448,2726.907657,216.528368,1743.151105,4.569,614.55489,659.854993,167.611869,94.736123,26.054386,5.128867,1.565087,0,0,109.965462,225.936238,100.713295,80.446045,28.266216,6.888573,2.524749,0,0,345.466688,710.181807,316.400149,252.728704,88.800935,21.641091,7.931731,0,0,16.30006,63.343173,48.204522,54.021124,24.167425,7.28808,3.203984,0,0,46.35281205,0.156376739,0.000315858,6,11.079,0.185671191553545,349.355971896956
"84","FGB1616",15,"12/09/2023",2400,3,"W","R","EC",5,25.1,13.6,14,"","Y","",5,0.0508,NA,NA,5,0.1497,0.195,0.188,0.162,"4 LEAVES?","TD",0.0168,NA,4.95,0.04887,0.28,0.056565657,"Full",140,268,622.612484,0.430444,166.284614,0.326287,0.239473,1.338698,1131.234228,74.495702,632.737605,3.094,321.796381,180.254066,79.283122,33.265365,7.301147,0.712403,0,0,0,54.849562,61.754814,48.110249,27.777365,7.969692,0.911824,0,0,0,172.31498,194.112545,151.142805,87.265167,25.037527,2.864581,0,0,0,7.759206,17.375369,23.246012,18.342605,6.85551,0.916999,0,0,0,37.0602669,0.225516366,0.000330709,6,8.502,0.173971761817066,326.452905811623
"85","FGC0245",54,"12/09/2023",2400,3,"W","R","HPA",4,30.4,4.7,9.5,"","Y","Y",5,0.0375,5,0.789,1,0.6843,0.943,0.797,0.852,"","TD",0.01344,0.12903,6.55,0.12099,0.88,0.134351145,"Full",251,499,994.078895,0.501972,228.635743,0.272763,0.239473,1.151591,1853.799518,71.329736,844.557568,2.572,535.563456,383.775781,66.7231,6.436945,1.579614,0,0,0,0,96.549304,126.344483,38.903794,5.349085,1.654373,0,0,0,0,303.318583,397.017101,122.219874,16.804645,5.197366,0,0,0,0,14.355264,34.085592,18.006651,3.519183,1.363046,0,0,0,0,73.9642035,0.188420717,0.0003584,1,11.784,0.0973964790478552,176.808417360807
"86","FGE4515",11,"12/09/2023",2400,3,"W","R","EC",1,30.5,9.4,14,"","","",5,0.0427,NA,NA,5,0.1902,0.18,0.188,0.207,"","TD",0.01717,NA,2.64,0.06281,0.89,0.337121212,"Full",162,321,860.967233,0.372836,222.990593,0.303046,0.254,1.338698,1598.538373,78.317388,816.460233,2.906,378.210477,376.860618,92.713879,10.32061,2.530244,0.331403,0,0,0,67.694422,126.351163,54.231816,8.332514,2.796808,0.429953,0,0,0,212.684224,397.087202,170.374274,26.177364,8.786431,1.350738,0,0,0,10.061428,34.870849,25.198429,5.314032,2.434306,0.438344,0,0,0,50.14369441,0.219236117,0.000402108,5,9.654,0.153701639866263,330.231335436383
"87","FGF3594",20,"12/08/2023",2800,5,"NW","R","HF",5,23,10.4,15.6,"","Y","",5,0.0417,NA,NA,5,0.5815,0.337,0.322,0.299,"","SfD14",0.01555,NA,2.96,0.14747,8.88,3,"Full",230,468,1196.854258,0.391025,281.12847,0.275563,0.254,1.084262,2230.151067,82.905509,1028.36304,4.023,584.039215,548.138469,58.563768,5.372595,0.74021,0,0,0,0,112.152762,176.372481,33.639243,4.35797,0.770047,0,0,0,0,352.338293,554.233809,105.680798,13.690965,2.419175,0,0,0,0,17.633415,46.499806,15.350291,2.792515,0.629482,0,0,0,0,76.96811949,0.187562928,0.000372902,5,19.906,0.134983386451482,253.602751504729
"88","FGG8281",10,"12/08/2023",2600,4,"W","R","EC",5,13,17,17,"","Y","",5,0.0752,NA,NA,5,0.1677,0.167,0.142,0.156,"","Djoe",0.02498,NA,8.99,0.05813,2.52,0.280311457,"Full",295,611,1706.601931,0.358021,404.033242,0.282291,0.239473,1.100667,3155.096001,134.684547,1500.706443,3.784,923.784075,619.223399,130.626672,30.599612,2.368174,0,0,0,0,172.905342,199.208551,77.452298,25.610726,2.467161,0,0,0,0,543.198151,625.975438,243.32357,80.458468,7.750816,0,0,0,0,26.394133,52.803726,36.517036,16.94969,2.019962,0,0,0,0,68.31873223,0.185470424,0.000332181,5,9.824,0.169000516084638,346.630888491354
"89","FGI9956",29,"12/09/2023",2400,3,"W","R","HF",4,18.5,16,12,"","Y","",5,0.0812,NA,NA,5,0.6889,0.361,0.354,0.407,"7 leaves on bag bcs broken - check scans!","Djoe",0.03149,NA,9.21,0.15852,11.13,1.208469055,"Full",189,280,1176.831269,0.237927,322.087169,0.319302,0.254,1.401483,2215.842599,121.855568,1172.081514,4.393,528.707004,494.846465,108.894024,34.785841,7.940918,1.657017,0,0,0,99.742577,169.244236,64.523394,28.573113,8.744593,2.155843,0,0,0,313.350546,531.791993,202.801768,89.892476,27.471951,6.772781,0,0,0,15.331566,47.641357,30.491614,18.591151,7.593947,2.205933,0,0,0,37.37158682,0.25842069,0.000387808,8,21.095,0.133074690890739,230.105966032806
"90","FGJ9233",12,"12/09/2023",2400,3,"W","R","EC",2,20.1,6.9,11,"","Y","",5,0.0449,NA,NA,5,0.1831,0.193,0.18,0.188,"","TD",0.01387,NA,2.41,0.06427,1.34,0.556016598,"Full",423,907,2066.733494,0.438857,412.278745,0.232929,0.18932,0.931333,3907.791372,103.190068,1498.229623,5.85,1421.238239,585.142484,50.027905,10.324865,0,0,0,0,0,258.942394,179.567819,29.938472,8.313289,0,0,0,0,0,813.491522,564.465934,94.054485,26.217682,0,0,0,0,0,38.610702,45.018324,14.242225,5.318816,0,0,0,0,0,149.0074617,0.134412161,0.000308909,5,10.8,0.16804107670764,351.010376843255
"91","FGK3505",23,"12/08/2023",2600,4,"W","R","HF",3,22.5,10.1,11.2,"","","",5,0.0683,NA,NA,5,0.5442,0.395,0.402,0.386,"Root scan empty","Djoe",0.03345,NA,2.56,0.13154,1.13,0.44140625,"Full",320,803,1634.273812,0.49135,416.015297,0.300633,0.254,1.047269,2988.321647,140.464301,1536.292307,5.66,701.123903,781.083915,131.706581,19.908273,0.45114,0,0,0,0,129.770794,265.200323,77.187516,16.33662,0.46095,0,0,0,0,407.686974,833.342477,242.491733,51.323006,1.448118,0,0,0,0,19.742735,73.803176,35.967989,10.580462,0.369938,0,0,0,0,48.85721411,0.238138799,0.000489751,5,18.328,0.139334042876692,241.712605659684
"92","FGM0803",16,"12/08/2023",2800,5,"NW","R","HF",1,19.5,11,14.2,"","Y","",5,0.0572,NA,NA,5,0.547,0.325,0.333,0.326,"","SfD14",0.02152,NA,16.63,0.14015,4.58,0.275405893,"Full",213,418,1185.570983,0.352573,274.992282,0.268667,0.239473,1.016,2225.569651,80.235187,996.02582,4.192,635.09941,494.831297,42.878343,12.659731,0.102202,0,0,0,0,119.627421,161.744559,25.046923,10.522126,0.103837,0,0,0,0,375.820626,508.135519,78.687228,33.056234,0.326213,0,0,0,0,18.328087,43.254324,11.656892,6.913026,0.082858,0,0,0,0,55.09158843,0.268211502,0.000376224,6,16.866,0.120342490189083,256.215722120658
"93","FGN0784",17,"12/08/2023",2800,5,"NW","R","HF",2,17,8.1,21.1,"","Y","",5,0.0298,NA,NA,5,0.4848,0.304,0.26,0.288,"","SfD14",0.01037,NA,11.91,0.12216,2.42,0.203190596,"Full",187,315,1029.429507,0.305995,240.348982,0.268579,0.239473,1.06087,1951.902229,69.112244,865.508129,4.208,560.829797,416.208099,49.906709,2.135964,0.348938,0,0,0,0,105.265306,139.31995,28.775551,1.749786,0.358789,0,0,0,0,330.700711,437.782076,90.401058,5.497114,1.127169,0,0,0,0,16.097226,38.414259,13.177575,1.133367,0.289817,0,0,0,0,99.2699621,0.150045772,0.000347987,5,17.529,0.143492141453831,251.980198019802
"94","FGO9191",7,"12/08/2023",2600,4,"W","R","EC",2,10,6,15.4,"","","",4,0.0515,NA,NA,5,0.8,0.154,0.158,0.172,"","Djoe",0.0144,NA,0.86,0.02,0.4,0.465116279,"Full",227,495,1098.931528,0.450438,291.31483,0.324198,0.254,1.113616,1965.882553,114.766749,1109.321506,2.946,466.462942,455.672573,139.319834,35.290618,2.185561,0,0,0,0,88.76016,149.281346,83.454635,29.248404,2.2894,0,0,0,0,278.864189,469.028952,262.349431,91.886573,7.192361,0,0,0,0,13.821276,40.12367,39.777347,19.158526,1.88593,0,0,0,0,76.31468944,0.125471882,0.000279612,6,5.339,0.26695,25
