File.Name,Region.of.Interest,Number.of.Root.Tips,Number.of.Branch.Points,Total.Root.Length.mm,Branching.frequency.per.mm,Network.Area.mm2,Average.Diameter.mm,Median.Diameter.mm,Maximum.Diameter.mm,Perimeter.mm,Volume.mm3,Surface.Area.mm2,Computation.Time.s,Root.Length.Diameter.Range.1.mm,Root.Length.Diameter.Range.2.mm,Root.Length.Diameter.Range.3.mm,Root.Length.Diameter.Range.4.mm,Root.Length.Diameter.Range.5.mm,Root.Length.Diameter.Range.6.mm,Root.Length.Diameter.Range.7.mm,Root.Length.Diameter.Range.8.mm,Root.Length.Diameter.Range.9.mm,Projected.Area.Diameter.Range.1.mm2,Projected.Area.Diameter.Range.2.mm2,Projected.Area.Diameter.Range.3.mm2,Projected.Area.Diameter.Range.4.mm2,Projected.Area.Diameter.Range.5.mm2,Projected.Area.Diameter.Range.6.mm2,Projected.Area.Diameter.Range.7.mm2,Projected.Area.Diameter.Range.8.mm2,Projected.Area.Diameter.Range.9.mm2,Surface.Area.Diameter.Range.1.mm2,Surface.Area.Diameter.Range.2.mm2,Surface.Area.Diameter.Range.3.mm2,Surface.Area.Diameter.Range.4.mm2,Surface.Area.Diameter.Range.5.mm2,Surface.Area.Diameter.Range.6.mm2,Surface.Area.Diameter.Range.7.mm2,Surface.Area.Diameter.Range.8.mm2,Surface.Area.Diameter.Range.9.mm2,Volume.Diameter.Range.1.mm3,Volume.Diameter.Range.2.mm3,Volume.Diameter.Range.3.mm3,Volume.Diameter.Range.4.mm3,Volume.Diameter.Range.5.mm3,Volume.Diameter.Range.6.mm3,Volume.Diameter.Range.7.mm3,Volume.Diameter.Range.8.mm3,Volume.Diameter.Range.9.mm3
FCI1638,Full,1940,3145,1652.478178,1.903202,257.112389,0.243516,0.18932,1.070958,2390.956864,118.02957,1281.890649,1.664,1055.613651,409.625158,153.484784,32.580769,1.173815,0,0,0,0,153.551184,134.364054,91.792343,26.661862,1.212294,0,0,0,0,482.97324,422.747664,288.600499,83.760711,3.808535,0,0,0,0,19.557179,36.473126,43.771969,17.243644,0.983651,0,0,0,0
FBW8179,Full,2581,3917,2062.974175,1.898715,404.730373,0.305641,0.239473,1.436841,2795.141242,234.349138,2035.935777,2.612,1007.299284,657.469372,293.653991,86.641431,15.922923,1.987174,0,0,0,151.330795,227.283557,176.723314,72.04217,17.317187,2.62787,0,0,0,475.854511,714.74397,555.960934,226.557875,54.562789,8.255697,0,0,0,19.821007,64.561888,84.826065,47.476373,14.929094,2.734712,0,0,0
FBC0289,Full,2022,3061,1519.41547,2.014591,263.712734,0.275357,0.239473,1.289604,2055.956737,133.943534,1343.575284,1.611,787.704131,532.701756,162.266868,30.088603,5.772376,0.881737,0,0,0,116.844656,182.869257,94.952414,24.728231,6.160151,1.121285,0,0,0,367.738635,575.918644,298.781128,78.11519,19.499067,3.52262,0,0,0,15.196025,51.798363,44.328287,16.242959,5.25792,1.11998,0,0,0
FCE1581,Full,2298,4036,1595.675228,2.529337,255.827445,0.28224,0.239473,1.419272,1937.590422,158.137153,1461.333465,2.366,819.183075,552.823119,156.663309,50.596592,13.973827,2.435306,0,0,0,121.53505,188.390058,93.223385,42.384465,15.43976,3.180919,0,0,0,382.862469,592.679753,293.530013,133.762641,48.505436,9.993153,0,0,0,15.830636,52.881933,44.378447,28.331529,13.447014,3.267594,0,0,0
FCA5827,Full,1537,2354,983.099394,2.394468,114.089378,0.174889,0.169333,0.682604,1512.985214,30.641817,545.867366,1.801,763.487399,215.0014,4.610595,0,0,0,0,0,0,104.378719,66.450922,2.522168,0,0,0,0,0,0,328.57541,209.368332,7.923624,0,0,0,0,0,0,12.780409,16.771045,1.090363,0,0,0,0,0,0
FEY3832,Full,976,1409,633.690198,2.223484,102.594777,0.260533,0.18932,1.401483,864.605422,54.651946,536.284709,1.302,359.634779,203.819597,47.292314,18.477449,3.122911,1.343149,0,0,0,52.460631,68.71534,28.722601,15.376911,3.396874,1.785167,0,0,0,165.025875,216.245179,90.425803,48.30799,10.671595,5.608267,0,0,0,6.740162,19.068439,13.946789,10.119496,2.911667,1.865392,0,0,0
FGO9191,Full,1749,2379,1518.369989,1.566812,321.139143,0.333035,0.254,1.554273,2059.820537,202.528313,1626.791999,1.338,665.379777,536.470758,191.265076,103.604422,18.389774,2.759446,0.500737,0,0,105.594442,183.779213,116.399029,87.287084,19.718212,3.712567,0.764492,0,0,332.013189,577.843014,366.317623,274.464057,62.089021,11.663372,2.401723,0,0,14.406522,51.69437,56.57978,58.262364,16.734296,3.934193,0.916788,0,0
FEL2208,Full,1389,1933,910.607354,2.122759,133.100092,0.22313,0.18932,1.047269,1332.430508,50.379314,650.501847,1.467,578.361689,283.866481,42.689712,5.350805,0.338667,0,0,0,0,84.17867,93.252267,24.515646,4.409278,0.34808,0,0,0,0,264.85137,293.543308,77.161488,13.852154,1.093527,0,0,0,0,10.800262,25.199752,11.223875,2.874421,0.281003,0,0,0,0
FFY6725,Full,2739,3985,2087.585739,1.908904,328.300419,0.238948,0.169333,1.151591,3081.002802,148.24241,1604.509008,3.336,1334.504826,520.687385,194.959166,35.739266,1.695096,0,0,0,0,188.847567,171.588826,118.738805,29.126119,1.816179,0,0,0,0,593.896087,539.881308,373.523517,91.502402,5.705694,0,0,0,0,23.668955,46.626229,57.676864,18.738737,1.531625,0,0,0,0
FGG8281,Full,2251,3307,1866.129859,1.772117,312.013713,0.26257,0.18932,1.203339,2675.436091,158.288901,1567.871022,2.228,1077.401912,551.042538,176.650748,54.559637,6.475024,0,0,0,0,152.589347,187.536295,105.48214,45.871502,6.739999,0,0,0,0,479.740912,590.160565,332.170786,144.109572,21.689187,0,0,0,0,19.038281,52.569075,50.375518,30.50888,5.797145,0,0,0,0
FGE4515,Full,1550,2523,1141.113719,2.210998,217.857987,0.320884,0.254,1.441821,1412.415637,149.616464,1197.158384,1.825,503.607415,411.561756,132.623904,73.277592,17.886545,2.156508,0,0,0,74.199361,142.498745,79.576223,62.053921,19.394169,2.82105,0,0,0,233.430404,448.347677,250.229946,195.212376,61.075393,8.862589,0,0,0,9.606491,40.697459,38.092267,41.66747,16.650083,2.902694,0,0,0
FGJ9233,Full,2346,3640,1753.505553,2.075842,228.791657,0.198436,0.169333,0.946602,2668.430031,79.055751,1101.287318,2.331,1309.839661,372.236013,54.056621,17.373258,0,0,0,0,0,183.817106,119.134248,32.595577,14.153431,0,0,0,0,0,578.450189,375.608915,102.663185,44.565028,0,0,0,0,0,22.71564,31.482673,15.720223,9.137215,0,0,0,0,0
FGA6390,Full,3034,5297,2457.677722,2.155287,478.861049,0.351271,0.254,1.992817,2877.326421,414.019785,2818.583753,3.076,1078.953291,812.466211,286.035325,162.498864,80.787397,28.794321,6.323226,1.819087,0,162.61864,280.940545,172.705949,138.888884,88.541439,38.662773,10.086188,3.342559,0,511.861413,884.196845,543.203863,436.884068,278.530455,121.719456,31.686695,10.500959,0,21.445723,80.046712,83.166475,94.123507,76.696554,41.048167,12.66225,4.830398,0
FEC6189,Full,1234,1730,965.511711,1.791796,144.189676,0.225513,0.169333,1.188353,1468.229876,59.215331,691.490041,1.467,639.596624,263.590186,41.19124,18.235697,2.897964,0,0,0,0,89.452783,87.967405,23.997062,15.115661,3.170379,0,0,0,0,281.261567,276.790992,75.550992,47.926451,9.960039,0,0,0,0,11.02925,24.196585,11.177506,10.081141,2.73085,0,0,0,0
FGB1616,Full,1001,1405,909.689338,1.544483,193.019327,0.368141,0.254,1.786045,1201.83971,171.380309,1070.068433,2.53,442.296574,233.828304,102.730162,74.635481,34.865006,16.535101,4.400174,0.398535,0,65.220064,80.081706,62.817661,64.292535,38.175893,22.027289,6.988405,0.708677,0,204.977079,251.935623,197.685001,201.980957,119.933106,69.375573,21.954721,2.226373,0,8.338042,22.648605,30.664456,43.824321,32.95693,23.220497,8.737712,0.989748,0
FGM0803,Full,1817,2543,1654.906058,1.536643,330.803998,0.303984,0.254,1.761799,2377.571876,190.763355,1619.432082,2.16,798.419235,581.169825,195.161077,50.186023,20.520753,7.689926,1.716885,0.042333,0,119.276807,201.564859,115.937551,42.633896,22.501284,10.444744,2.741592,0.074583,0,374.960588,633.609188,364.300659,133.938335,70.962908,32.81313,8.612966,0.234309,0,15.616374,57.389341,54.781508,28.651093,19.600332,11.177491,3.444014,0.103201,0
FGN0784,Full,1322,1843,945.454826,1.949326,155.272091,0.245487,0.18932,1.129594,1374.086081,67.87893,752.997353,2.111,551.648058,300.149219,82.183151,11.040793,0.433605,0,0,0,0,77.946863,104.300112,47.61991,9.010811,0.466282,0,0,0,0,245.13058,328.237561,149.856048,28.308296,1.464868,0,0,0,0,9.730418,29.93823,22.009163,5.806807,0.394312,0,0,0,0
FFX9242,Full,2178,2847,1708.933059,1.665952,406.276965,0.362014,0.30527,2.274998,2264.456877,269.694554,2013.295338,2.02,579.567905,714.604418,266.189627,111.451132,25.96121,5.036937,2.287762,1.881964,1.952104,94.381535,246.32984,159.721489,93.460387,28.256725,6.761227,3.655138,3.533828,4.192528,296.806485,774.725564,502.264737,293.730394,88.771119,21.24102,11.482954,11.101847,13.171217,13.283677,69.785609,76.354408,61.994924,24.232745,7.148185,4.596048,5.219126,7.079832
FFP1160,Full,1922,2625,1815.108098,1.446195,386.51894,0.313153,0.254,1.902647,2654.972536,218.492592,1823.10829,2.61,859.928551,633.553959,223.752241,67.168009,21.092877,6.172673,2.868911,0.570877,0,130.0955,223.142339,133.135351,56.281532,23.191452,8.35081,4.580745,1.04783,0,408.85297,701.935641,418.432208,176.917461,73.052476,26.234844,14.390834,3.291856,0,17.156266,64.596194,63.016427,37.347426,20.207058,8.901551,5.756291,1.511379,0
FGF3594,Full,1381,1855,1252.49505,1.481044,244.761159,0.271142,0.239473,1.135923,1915.899561,99.326641,1084.793253,2.407,625.106162,509.164209,100.631975,14.723793,2.868911,0,0,0,0,97.838618,174.141268,57.745436,12.252652,3.030677,0,0,0,0,307.542748,547.317394,181.81715,38.594808,9.521154,0,0,0,0,13.373453,48.856725,26.46904,8.10985,2.517573,0,0,0,0
FDB8375,Full,968,1238,803.764237,1.540253,126.505123,0.218289,0.18932,1.033488,1285.579955,40.188811,558.861826,2.248,506.160091,275.552645,18.953388,2.953578,0.144535,0,0,0,0,75.233475,88.967513,10.847636,2.586078,0.148328,0,0,0,0,236.457731,279.734851,34.078854,8.124403,0.465987,0,0,0,0,9.862583,23.481229,4.931834,1.793603,0.119563,0,0,0,0
FEV1588,Full,789,1043,565.14397,1.845547,101.370765,0.267726,0.239473,1.354667,811.88588,47.170917,487.055992,1.491,299.753176,201.9366,51.765637,8.956918,2.093631,0.638009,0,0,0,45.58579,67.955592,30.72969,7.501599,2.312179,0.828452,0,0,0,143.259756,213.82252,96.540168,23.566968,7.263923,2.602657,0,0,0,6.034229,18.826452,14.483119,4.967571,2.014109,0.845437,0,0,0
FGK3505,Full,2490,3607,1617.854709,2.229496,257.046081,0.253746,0.18932,1.176227,2192.132564,122.112826,1327.029762,4.126,910.459722,547.171424,131.293733,26.243533,2.686297,0,0,0,0,134.167265,185.796523,76.889854,21.755809,2.808539,0,0,0,0,422.32762,584.883633,242.28574,68.709483,8.823287,0,0,0,0,17.304099,52.044246,36.045284,14.409479,2.309718,0,0,0,0
FEZ5712,Full,472,546,377.564815,1.446109,90.05896,0.329358,0.30527,1.070958,553.755913,41.656384,401.815125,1.144,114.7772,197.371347,59.988059,4.892402,0.535807,0,0,0,0,19.364621,69.257909,34.598755,4.051538,0.556294,0,0,0,0,60.917956,217.726042,108.695194,12.728284,1.74765,0,0,0,0,2.789264,19.937909,15.824784,2.650665,0.453762,0,0,0,0
FFD9944,Full,2085,3008,1520.247271,1.978625,214.854409,0.225376,0.169333,1.809967,2212.711246,95.100414,1089.340788,1.675,983.280157,443.952861,71.029884,14.119608,4.194525,1.505219,1.808815,0.356202,0,134.787737,148.078655,41.296743,11.851106,4.644717,2.089994,2.936994,0.637277,0,423.825933,465.680863,130.216024,37.231348,14.591808,6.56591,9.226837,2.002064,0,16.433088,40.606759,19.204992,7.863944,4.056158,2.285778,3.754172,0.895522,0
FDN1018,Full,2609,4003,2426.371489,1.649789,575.118921,0.442273,0.30527,2.184991,2745.28486,647.35894,3507.169716,1.681,793.518715,869.001378,299.125528,213.656238,125.243252,87.40279,30.993678,5.054472,2.375438,130.479944,297.941051,182.231955,184.531982,138.662916,117.686142,49.590895,9.200738,5.025589,410.46446,936.934062,573.015747,579.943844,435.622398,370.264185,155.997388,29.13928,15.788353,18.400461,83.866174,88.44893,126.143679,120.995848,125.16826,62.592695,13.387311,8.355582
FDJ1565,Full,8167,14641,6494.405199,2.254402,1272.742974,0.438742,0.30527,3.405663,6034.135284,1868.947475,9434.965957,2.899,2187.186436,2196.087865,914.312498,556.796878,310.032662,159.150667,83.556687,40.626683,46.654821,328.579629,765.273327,551.847587,475.638051,342.153627,214.223007,134.513778,75.968216,110.24034,1035.057625,2407.889966,1736.997571,1497.020225,1076.535375,673.240289,423.233475,238.661189,346.330242,43.570583,219.878435,266.115068,322.518428,298.540332,227.308257,170.9371,111.725337,208.353937
FDF3034,Full,2046,3287,1330.763647,2.47001,236.564043,0.319293,0.254,1.47864,1511.611088,171.248368,1397.901242,1.509,581.82834,476.545539,174.905628,79.137945,14.712275,3.63392,0,0,0,88.572795,163.221861,105.58961,66.33969,15.903721,4.81494,0,0,0,279.025091,513.214167,331.901107,208.523182,50.111116,15.126579,0,0,0,11.792935,46.005118,50.776255,44.02317,13.626057,5.024832,0,0,0
FGI9956,Full,3986,6638,2767.791777,2.398302,482.22305,0.341226,0.26774,1.778,2942.308936,411.004713,3087.704371,2.199,1159.051321,979.441318,373.502968,177.1162,63.587941,13.015933,1.991429,0.084667,0,178.836529,337.21067,224.674042,150.517121,68.766977,17.530713,3.142622,0.150109,0,563.160668,1061.386025,707.356391,473.787327,216.420014,55.249528,9.872837,0.471583,0,24.013106,95.723628,108.101394,101.55444,58.78538,18.714513,3.903227,0.209024,0
FES3675,Full,2053,3217,1612.943719,1.99449,340.382832,0.367154,0.26774,2.945135,1932.768927,305.351888,1935.88344,1.545,613.661422,611.285682,231.928893,80.931718,35.605003,21.482386,8.292865,3.701051,6.054699,94.882146,210.267958,138.486476,68.714723,39.209671,29.000446,13.44516,6.881733,14.754296,298.555545,661.221964,435.16364,216.306099,123.317802,91.107588,42.239215,21.619601,46.351988,12.929323,59.525582,65.778899,46.348439,34.114868,30.826977,17.158861,10.063423,28.605517
FFK2932,Full,2242,3119,1846.971463,1.68871,386.622883,0.316366,0.26774,1.232765,2536.443781,206.764945,1884.506242,2.235,770.572411,770.76537,213.838586,84.157775,7.637321,0,0,0,0,129.635571,262.903736,128.495202,69.774879,8.179981,0,0,0,0,407.677272,827.460681,403.980889,219.528012,25.859388,0,0,0,0,18.655629,73.703496,61.5597,45.855642,6.990478,0,0,0,0
FFL3841,Full,1897,2742,1345.406836,2.038045,252.687667,0.280218,0.254,1.292381,1848.235764,115.560073,1222.510991,3.414,588.609364,618.683087,115.297875,20.254203,2.188569,0.373737,0,0,0,93.525525,207.591717,67.628321,16.594356,2.435712,0.475961,0,0,0,294.491588,653.523165,213.073811,52.275139,7.652014,1.495274,0,0,0,13.058861,57.393139,31.702418,10.792117,2.137379,0.476158,0,0,0
FFW6775,Full,2071,2933,1661.833203,1.764918,315.83987,0.270851,0.254,1.06087,2428.489851,128.016455,1451.575769,2.187,780.970638,744.938637,119.871513,15.608538,0.443877,0,0,0,0,130.201754,247.754481,70.280078,12.909997,0.45865,0,0,0,0,409.469328,778.8365,221.271097,40.557952,1.440893,0,0,0,0,18.648236,67.657385,32.898914,8.439617,0.372303,0,0,0,0
FFS2715,Full,1367,2160,987.292282,2.187802,149.512246,0.225206,0.18932,1.129594,1449.826394,57.259411,717.500006,1.853,610.716692,330.608889,35.502801,9.082672,1.381227,0,0,0,0,88.598545,109.118057,21.104919,7.588156,1.460969,0,0,0,0,278.796755,343.565685,66.708899,23.838896,4.58977,0,0,0,0,11.339518,29.601913,10.092006,5.010699,1.215274,0,0,0,0
FFG0527,Full,1546,2325,1270.977145,1.829301,188.87059,0.219195,0.18932,1.016,1930.045871,67.681645,887.990891,1.574,805.748491,410.250152,44.894356,9.981943,0.102202,0,0,0,0,115.713235,130.853148,27.366524,8.186716,0.103837,0,0,0,0,363.895277,411.776817,86.144873,25.847711,0.326213,0,0,0,0,14.772542,34.166819,13.306072,5.353354,0.082858,0,0,0,0
FBT2327,Full,1899,2882,1411.957093,2.041139,251.447526,0.271123,0.239473,1.070958,1945.900291,116.179026,1232.269281,1.997,728.580362,527.292595,131.79374,23.126853,1.163544,0,0,0,0,111.678958,182.374047,77.557626,19.025681,1.192397,0,0,0,0,351.230474,573.56956,243.952281,59.77094,3.746027,0,0,0,0,14.824863,51.68683,36.334558,12.372874,0.9599,0,0,0,0
FBX4690,Full,1512,2299,1318.778616,1.74328,252.635695,0.280213,0.254,1.084262,1901.127381,111.908432,1185.904637,1.289,639.592546,534.325038,122.401971,21.045772,1.413289,0,0,0,0,102.963591,184.317576,71.149004,17.19278,1.466909,0,0,0,0,323.78782,579.450228,223.88861,54.169549,4.608431,0,0,0,0,14.247124,52.304689,33.00127,11.158931,1.196417,0,0,0,0
FCR0255,Full,479,717,304.72526,2.352939,56.347558,0.332226,0.26774,1.365209,336.196211,38.702267,328.107199,0.374,118.850528,124.853352,44.087228,13.966048,2.270227,0.697877,0,0,0,18.893165,44.027473,26.415539,11.678057,2.477368,0.89883,0,0,0,59.427581,138.398421,82.986862,36.687698,7.78288,2.823757,0,0,0,2.59712,12.756102,12.590495,7.716166,2.132439,0.909946,0,0,0
FCV8597,Full,2125,3024,1298.681159,2.328516,235.84003,0.287812,0.254,1.212242,1644.720029,121.514375,1225.631535,1.829,566.467696,554.825727,157.391787,17.715449,2.280499,0,0,0,0,86.768403,194.169269,91.661503,14.399976,2.506866,0,0,0,0,273.074724,610.944603,288.393983,45.342674,7.875552,0,0,0,0,11.590005,55.914874,42.545975,9.290765,2.172755,0,0,0,0
FCQ4012,Full,1937,3283,1528.277981,2.148169,330.536973,0.372248,0.26774,3.035037,1753.998239,283.993224,1859.133309,1.949,581.913523,523.149001,255.307468,116.015868,35.88754,6.026892,2.118429,2.146236,5.713024,88.926634,180.718815,154.6446,98.112407,39.008981,8.030172,3.428512,4.017705,14.156538,279.870931,568.651547,486.383304,308.445631,122.687314,25.227528,10.770987,12.621991,44.474075,11.884671,51.521807,74.700307,65.751275,33.484807,8.42455,4.366481,5.914888,27.944439
FBR3362,Full,1678,2730,1558.578073,1.751597,289.019135,0.275439,0.18932,1.151591,2247.039288,140.176946,1371.521623,1.471,867.086623,469.082749,187.752567,26.128051,8.528084,0,0,0,0,128.233746,163.049146,114.248697,21.30244,9.327019,0,0,0,0,403.275893,512.945856,359.074589,66.92359,29.301695,0,0,0,0,16.466655,46.67945,55.283434,13.726242,8.021164,0,0,0,0
FBI0246,Full,2140,3405,1818.160603,1.872772,277.425968,0.227104,0.18932,0.965349,2706.64934,101.057407,1310.499785,1.72,1124.136202,604.827197,81.39532,7.801884,0,0,0,0,0,162.858668,200.19955,47.221418,6.202843,0,0,0,0,0,512.127747,629.802056,148.961899,19.608082,0,0,0,0,0,20.759108,54.407741,21.95692,3.933638,0,0,0,0,0
FBQ2034,Full,633,849,564.748746,1.503323,129.634149,0.327796,0.26774,1.100667,817.011222,67.237908,596.812856,1.124,224.986441,219.481772,98.391103,21.413492,0.475938,0,0,0,0,34.851802,78.078092,58.808554,17.606225,0.49542,0,0,0,0,109.57904,245.613298,184.752521,55.311586,1.556409,0,0,0,0,4.619461,22.834569,27.942442,11.435991,0.405446,0,0,0,0
FBJ6221,Full,1752,2720,1371.864152,1.982704,255.655403,0.30963,0.254,1.669888,1755.392783,161.544886,1372.17956,1.87,646.975263,488.515512,152.664464,62.445457,17.030853,3.474858,0.757745,0,0,99.577588,168.699732,91.110132,52.437959,18.484001,4.574641,1.194205,0,0,313.289285,531.087122,286.612334,164.851869,58.215584,14.371659,3.751707,0,0,13.248985,47.951833,43.374636,34.853815,15.892116,4.743349,1.480152,0,0
FBN8285,Full,1021,1582,871.727642,1.814787,167.729055,0.270632,0.254,0.863434,1270.70415,65.396899,760.115964,1.266,414.473819,384.935674,67.86537,4.452779,0,0,0,0,0,71.153538,128.18162,38.964399,3.469195,0,0,0,0,0,223.722438,402.892477,122.496025,11.005024,0,0,0,0,0,10.304719,35.141728,17.782818,2.167633,0,0,0,0,0
FCK8784,Full,225,279,147.767292,1.888104,23.197086,0.226838,0.18932,0.682604,221.800136,7.67729,107.099348,1.441,90.587243,53.284866,3.895183,0,0,0,0,0,0,14.379637,17.438043,2.20793,0,0,0,0,0,0,45.174962,54.98797,6.936416,0,0,0,0,0,0,1.978245,4.707845,0.9912,0,0,0,0,0,0
FCW1015,Full,1066,1464,945.85676,1.547803,225.080195,0.349137,0.30527,1.25866,1302.645538,133.258139,1068.862856,1.749,357.477114,364.26622,148.012266,67.360165,8.681128,0.059868,0,0,0,57.37917,126.52923,89.980961,56.619049,9.351261,0.075354,0,0,0,180.341601,397.834471,283.055778,178.016419,29.377854,0.236731,0,0,0,7.906099,36.04677,43.620785,37.671905,7.938088,0.074491,0,0,0
FCO4501,Full,437,511,394.771836,1.294419,89.309857,0.297589,0.26774,0.871697,616.626768,34.691374,378.641552,0.924,158.008006,205.216081,28.383752,3.163998,0,0,0,0,0,28.301385,73.610707,15.918016,2.561038,0,0,0,0,0,88.96845,231.320513,50.306851,8.045739,0,0,0,0,0,4.239901,21.65099,7.169805,1.630677,0,0,0,0,0
FCS7407,Full,851,1060,793.940839,1.335112,190.107147,0.321761,0.30527,1.203339,1204.191418,85.650832,824.229841,1.683,264.841279,416.384658,96.361381,14.566494,1.787026,0,0,0,0,42.149428,149.207193,57.021476,11.968312,1.916697,0,0,0,0,132.555565,468.914983,179.13825,37.599562,6.021481,0,0,0,0,5.821249,43.606345,26.830142,7.773455,1.61964,0,0,0,0
FCC1836,Full,1733,2247,1520.106423,1.478186,319.800436,0.293904,0.254,1.103918,2275.713842,145.687934,1435.75838,2.097,680.774495,620.698886,185.35792,31.381639,1.893482,0,0,0,0,101.275957,218.460094,109.302461,25.590481,1.983014,0,0,0,0,318.382571,686.935302,343.815818,80.394867,6.229821,0,0,0,0,13.193007,63.022873,51.368019,16.471014,1.633019,0,0,0,0
FEO1874,Full,821,1241,493.071098,2.516878,70.756131,0.239543,0.18932,1.019522,645.50611,32.584404,380.875983,0.838,289.048558,163.020144,36.451669,4.423726,0.127,0,0,0,0,42.084821,53.535816,21.619472,3.678287,0.129479,0,0,0,0,132.493004,168.500955,67.919575,11.555678,0.406771,0,0,0,0,5.396749,14.476356,10.186638,2.420984,0.103678,0,0,0,0
FEK5954,Full,105,107,81.048874,1.320191,15.869144,0.238245,0.254,0.493687,135.913567,4.098525,62.766359,0.282,35.698179,45.350695,0,0,0,0,0,0,0,7.077384,12.901769,0,0,0,0,0,0,0,22.234257,40.532102,0,0,0,0,0,0,0,1.142109,2.956416,0,0,0,0,0,0,0
FEU2975,Full,699,924,565.785201,1.633129,130.440599,0.357276,0.26774,1.197367,755.181165,84.361071,653.553293,0.835,218.408699,207.47552,79.943223,54.722437,5.235323,0,0,0,0,36.504606,71.425084,47.532531,46.816479,5.571112,0,0,0,0,114.809848,224.438875,149.599726,147.202678,17.502165,0,0,0,0,5.202357,20.222951,22.58048,31.689116,4.666167,0,0,0,0
FGC0245,Full,1182,1713,738.604373,2.319239,113.510526,0.262754,0.18932,1.439333,951.96944,62.550818,624.79288,1.465,421.721542,231.975607,62.848461,16.309424,4.55799,1.19135,0,0,0,62.43491,79.113373,36.773385,13.56251,5.023285,1.571888,0,0,0,196.475051,249.062973,115.752461,42.783049,15.781114,4.938233,0,0,0,8.103915,22.266796,17.197278,8.986802,4.364647,1.631378,0,0,0
FDY4037,Full,650,1023,544.529008,1.878688,96.6378,0.267274,0.239473,0.957894,780.301814,43.493175,464.218497,0.649,299.944602,172.540587,63.914787,8.129032,0,0,0,0,0,46.974343,56.11715,37.943242,6.599068,0,0,0,0,0,147.742749,176.473461,119.270704,20.731583,0,0,0,0,0,6.375762,15.026298,17.868245,4.22287,0,0,0,0,0
FCF2601,Full,992,1426,620.26026,2.299035,130.523036,0.336295,0.26774,1.22108,731.894787,81.023033,687.315761,0.734,222.165364,249.094953,120.51949,24.920928,3.559525,0,0,0,0,35.062717,86.878892,71.909464,20.851632,3.794934,0,0,0,0,110.390135,273.28697,226.073126,65.507335,12.058194,0,0,0,0,4.833305,24.999513,34.126595,13.804379,3.259242,0,0,0,0
FCB1397,Full,526,720,399.09491,1.804082,55.587702,0.201425,0.169333,1.212242,631.165846,18.126851,255.088372,0.966,296.402826,87.916932,11.088627,2.879183,0.807342,0,0,0,0,43.597438,27.678408,6.480429,2.417648,0.886951,0,0,0,0,137.343162,87.004642,20.358867,7.595265,2.786437,0,0,0,0,5.612228,7.129794,3.010184,1.606646,0.767999,0,0,0,0
FCJ1591,Full,1038,1497,751.616531,1.991707,150.938766,0.324995,0.254,1.325243,967.568827,100.974281,798.817608,1.125,329.78896,274.555942,86.233657,42.561252,17.362772,1.113947,0,0,0,49.80957,96.042242,51.407132,36.646693,18.632761,1.423972,0,0,0,156.586179,301.933751,161.863581,115.128983,58.831574,4.47354,0,0,0,6.61103,27.575581,24.477572,24.971518,15.90861,1.429969,0,0,0
FCN7125,Full,1288,1880,1109.195492,1.694922,244.390192,0.353628,0.26774,1.737215,1442.829397,166.356321,1264.396461,0.775,421.504677,442.674477,157.813786,59.825775,17.191677,6.191971,3.99313,0,0,67.376536,156.784014,93.68689,50.752148,18.782574,8.284238,6.363398,0,0,211.906993,492.895507,294.736398,159.686646,59.154011,26.0257,19.991205,0,0,9.261345,45.616114,44.383175,34.130794,16.257364,8.731247,7.976284,0,0
FCU3875,Full,2572,3628,1908.71411,1.900756,477.221268,0.404853,0.35921,1.83162,2196.480597,345.658407,2524.066237,2.127,432.929264,879.623734,412.248026,142.470552,32.780187,6.840251,1.448359,0.373737,0,70.080601,317.846382,247.637209,119.421213,35.71002,9.086132,2.282998,0.670848,0,220.558722,999.532782,778.586956,375.376737,112.186335,28.544925,7.172249,2.10753,0,9.828182,94.147841,118.510565,79.228066,30.65987,9.506109,2.831916,0.945858,0
FBD8952,Full,1379,1951,1118.851924,1.743752,227.270155,0.309491,0.254,1.969296,1568.833314,131.145225,1122.517225,1.607,513.472114,417.958041,124.524654,48.318586,10.110706,2.216376,1.169561,1.081885,0,82.169601,142.352306,74.064469,40.515575,11.04665,2.949003,1.893165,2.007574,0,258.375282,447.573118,232.902183,127.443469,34.704074,9.264565,5.947553,6.306981,0,11.26715,39.880477,35.126861,26.926,9.512029,3.091912,2.410861,2.929935,0
FBP4231,Full,2204,3413,1770.0022,1.928246,365.361276,0.338932,0.254,2.878667,2250.49038,273.931953,1958.051618,1.75,774.486589,618.308281,214.249974,114.11822,35.531124,5.060489,2.325841,1.557824,4.363858,121.109823,211.972232,129.910304,97.10039,38.402602,6.822665,3.743292,2.941819,10.462887,380.994734,666.999992,408.442579,305.33175,120.645331,21.434035,11.759899,9.241997,33.201301,16.371213,59.889159,62.831371,65.472015,32.693977,7.241795,4.742478,4.369435,20.32051
FBM2759,Full,2284,3741,1988.751453,1.88108,395.914979,0.328903,0.254,1.606437,2569.774959,278.845597,2103.471968,2.665,951.449103,646.512125,196.930568,130.943851,51.308907,10.96889,0.638009,0,0,147.288303,219.258262,118.061579,112.424797,55.895484,14.679153,0.982874,0,0,463.493664,689.915026,371.432323,353.316778,175.940072,46.286315,3.08779,0,0,19.766942,61.247394,56.483534,76.378045,48.18989,15.590128,1.189664,0,0
FBH8238,Full,1402,2170,1300.114674,1.669084,185.877764,0.206714,0.169333,0.871697,2059.575599,61.002388,848.324446,1.559,920.656252,319.299997,56.228172,3.930253,0,0,0,0,0,130.415532,103.43998,32.688175,3.115095,0,0,0,0,0,410.041301,325.69703,102.799755,9.78636,0,0,0,0,0,16.248942,27.698894,15.111754,1.942798,0,0,0,0,0
FBZ6377,Full,795,1085,676.263396,1.604404,137.721947,0.277166,0.254,0.957894,1027.740089,55.738283,606.717265,0.946,301.078487,319.218,52.480533,3.486376,0,0,0,0,0,44.316636,115.466298,30.354317,2.899645,0,0,0,0,0,139.249995,362.890045,95.467723,9.109502,0,0,0,0,0,5.759771,34.097811,13.973942,1.90676,0,0,0,0,0
FBU8395,Full,570,690,482.804553,1.42915,118.114459,0.322087,0.26774,1.070958,738.331164,56.445087,506.674551,1.647,194.917349,194.112713,71.727975,21.094639,0.951877,0,0,0,0,32.089528,68.409622,42.182424,17.50694,0.98625,0,0,0,0,100.853327,215.203158,132.519995,54.999675,3.098397,0,0,0,0,4.535954,19.894781,19.733649,11.477833,0.802871,0,0,0,0
FCD2673,Full,804,1066,615.934267,1.730704,119.913739,0.275603,0.239473,1.378273,919.702451,55.705115,548.743665,1.966,308.743704,246.652384,37.339423,16.414118,5.27641,1.508227,0,0,0,48.351064,82.500359,22.197493,13.644957,5.789028,1.949206,0,0,0,152.124544,259.437036,69.893337,42.978367,18.186768,6.123613,0,0,0,6.629809,22.53841,10.543408,9.009543,5.003973,1.979971,0,0,0
FBY9580,Full,1579,2506,1628.456396,1.538881,308.29329,0.291362,0.239473,1.52635,2330.002298,168.574005,1511.233386,2.579,861.09952,513.661814,178.246436,59.052773,11.690319,4.50113,0.204403,0,0,127.15265,178.876565,106.0107,49.657439,12.677395,6.051736,0.311186,0,0,399.668699,562.357585,333.386735,156.003446,39.82721,19.012091,0.97762,0,0,16.38395,51.301448,50.225715,33.047679,10.835372,6.407752,0.372089,0,0
FCL0130,Full,1440,1881,1151.185867,1.633967,207.221808,0.254408,0.239473,1.281239,1753.4637,80.837207,938.94278,1.817,618.252844,452.885106,68.839553,8.773058,2.163771,0.271535,0,0,0,96.468585,152.090103,39.989635,7.355139,2.375613,0.346237,0,0,0,303.221331,478.353691,125.709963,23.106851,7.463208,1.087735,0,0,0,13.083646,41.987949,18.490045,4.874527,2.054289,0.34675,0,0,0
FFU7165,Full,2771,5074,1734.518785,2.925307,281.981515,0.290127,0.239473,1.561176,1944.606378,187.187076,1660.956262,1.375,816.388345,633.304516,212.059856,52.094032,16.538625,2.74492,1.388491,0,0,117.119374,216.117269,127.022096,43.512345,17.744953,3.724118,2.140929,0,0,369.003078,680.327687,400.196363,137.113701,55.889846,11.699662,6.725925,0,0,14.951975,60.804181,60.84867,28.935849,15.074273,3.978921,2.593207,0,0
FFT9800,Full,1208,1948,730.950851,2.665022,123.273947,0.270181,0.254,0.883946,902.344199,58.716084,646.336946,1.277,333.205196,325.122663,67.288476,5.334516,0,0,0,0,0,50.632971,111.872241,38.608242,4.164136,0,0,0,0,0,159.363733,352.282079,121.502292,13.188842,0,0,0,0,0,6.75656,31.721331,17.637989,2.600204,0,0,0,0,0
FBE2394,Full,569,807,337.416223,2.391705,41.575186,0.197782,0.169333,0.957894,488.330155,14.558596,212.410196,1.001,244.124934,84.067091,6.791901,2.432297,0,0,0,0,0,34.661704,26.757437,4.018251,2.020325,0,0,0,0,0,109.045527,84.393922,12.623708,6.347039,0,0,0,0,0,4.327323,7.015244,1.890299,1.325731,0,0,0,0,0
FCG9760,Full,711,990,385.116135,2.570653,56.327844,0.223331,0.18932,0.850889,537.055608,20.328279,278.100215,0.728,225.834265,148.000873,10.107181,1.173815,0,0,0,0,0,34.016653,47.586178,5.819335,0.938595,0,0,0,0,0,107.131593,149.737959,18.28198,2.948683,0,0,0,0,0,4.515818,12.552352,2.669458,0.590652,0,0,0,0,0
FEG8108,Full,1352,2008,955.79856,2.100861,153.83661,0.258114,0.18932,1.139073,1301.586866,76.028419,797.330366,1.194,553.198707,282.460758,103.127024,15.581248,1.430824,0,0,0,0,82.322136,95.297738,61.478776,12.731758,1.505051,0,0,0,0,258.947952,300.166849,193.489312,39.997998,4.728256,0,0,0,0,10.735988,26.593538,29.231233,8.22316,1.2445,0,0,0,0
FBS3237,Full,1093,1842,712.679959,2.58461,106.200504,0.260309,0.18932,1.100667,893.730254,58.275946,601.225524,1.384,394.878684,230.701441,73.352717,13.253644,0.493473,0,0,0,0,55.671404,79.997697,43.93493,10.774232,0.510597,0,0,0,0,175.399129,251.709401,138.460728,34.052177,1.604089,0,0,0,0,6.972219,22.820836,21.064941,7.002741,0.415209,0,0,0,0
FCM1008,Full,4338,8532,3147.104255,2.711064,528.081381,0.333121,0.239473,3.557008,3359.027255,556.507605,3450.130172,1.894,1495.314966,1021.394647,355.943181,136.201694,53.337987,37.920056,23.68849,9.462425,13.84081,218.560901,349.253899,212.2983,115.282972,58.482371,51.556304,37.843931,17.766729,34.862801,688.852059,1099.440994,668.676234,362.59648,183.87417,162.242877,119.106809,55.815827,109.524721,28.203837,98.48392,101.281773,77.376768,50.625489,55.392778,47.759287,26.23766,71.146093
FBK1070,Full,2044,3193,1276.649598,2.501078,196.300683,0.26261,0.18932,1.686971,1643.702569,119.536902,1093.476207,1.441,749.374538,378.443115,84.731963,43.544674,16.248309,3.411981,0.895017,0,0,111.957382,123.451338,51.011518,37.534097,17.575146,4.523826,1.410147,0,0,352.277099,388.801529,160.624658,117.916844,55.213951,14.212019,4.430107,0,0,14.65107,33.285258,24.558448,25.601843,14.970868,4.722549,1.746866,0,0
FBO8536,Full,2160,3490,1676.439751,2.081793,284.755703,0.271158,0.18932,1.47864,2287.596081,154.319045,1461.362817,1.712,927.648995,534.827449,142.697475,55.760743,12.780714,2.724376,0,0,0,135.589726,179.492383,85.393704,46.313314,13.990925,3.611785,0,0,0,426.584321,564.820767,268.682653,145.827718,44.100601,11.346757,0,0,0,17.378161,49.667951,40.792702,30.561702,12.148595,3.769935,0,0,0
FBG3400,Full,1288,2110,1040.66014,2.027559,215.268387,0.375355,0.26774,1.643929,1157.373724,185.679997,1267.151891,0.74,407.211694,347.502559,156.042835,85.820079,30.667259,12.185039,1.230675,0,0,63.501564,120.755564,94.645259,72.326713,33.574928,16.339144,1.924679,0,0,199.698977,379.808292,297.408067,227.221072,105.637989,51.330935,6.046559,0,0,8.517135,34.566901,45.692476,48.219047,29.061367,17.256828,2.366243,0,0
FFH9263,Full,2744,3574,2183.314879,1.63696,528.1907,0.348295,0.30527,1.574891,3031.209407,300.048678,2478.920015,2.388,719.169723,979.343673,373.132881,80.895616,23.464059,5.828506,1.48042,0,0,115.477952,348.506539,221.427876,67.279244,25.593702,7.882023,2.256441,0,0,363.0073,1095.806351,696.091214,211.60775,80.556476,24.762107,7.088817,0,0,16.050703,101.875764,104.589881,44.34969,22.084325,8.396786,2.70153,0,0
FBF4179,Full,4201,7105,3376.083059,2.10451,650.099058,0.324165,0.254,1.862667,4177.694823,446.011909,3545.393863,2.515,1533.878192,1157.150273,445.848836,164.713264,55.488994,16.268853,2.325841,0.408807,0,235.37788,399.474921,266.735955,138.395365,60.950811,21.745513,3.713398,0.737747,0,740.643855,1256.69062,838.958217,435.00366,191.629002,68.484822,11.665985,2.317702,0,31.53703,113.65541,127.208872,92.031121,52.857029,23.012101,4.6642,1.046145,0
FFC7215,Full,1251,1672,1056.099345,1.583184,232.200252,0.330556,0.26774,1.606437,1456.637541,132.640612,1125.691055,0.846,404.208306,454.402661,139.653,41.954789,11.690319,3.73913,0.45114,0,0,65.749156,155.82848,82.997305,34.874773,12.922111,4.885947,0.697842,0,0,206.652612,489.953943,261.078116,109.868388,40.596008,15.349654,2.192335,0,0,9.211874,43.922381,39.334563,23.040851,11.259608,5.023165,0.848169,0,0
FCH5965,Full,2492,3456,1744.973304,1.980546,308.252072,0.268524,0.239473,1.197367,2447.001567,145.970827,1517.410689,2.47,901.846544,645.782917,158.531262,36.240003,2.572578,0,0,0,0,135.862016,219.741596,94.130125,30.092534,2.754886,0,0,0,0,427.231408,691.154395,295.71851,94.651646,8.65473,0,0,0,0,17.903151,61.476393,44.475775,19.791594,2.323913,0,0,0,0
FET3274,Full,1423,1943,1383.28009,1.404632,246.546102,0.250269,0.18932,1.176227,2167.561753,97.120865,1100.017616,1.895,801.318659,472.658297,84.725643,21.330588,3.246903,0,0,0,0,122.101291,155.937675,50.377455,17.845621,3.448994,0,0,0,0,383.823212,490.679624,158.504303,56.175142,10.835335,0,0,0,0,16.156631,42.3263,23.898453,11.857261,2.882221,0,0,0,0
FCX5914,Full,565,653,469.569174,1.390636,89.397671,0.262359,0.18932,0.965349,736.75009,36.292687,392.562042,0.882,258.360025,164.913626,37.870673,8.42485,0,0,0,0,0,37.766657,58.118684,22.206273,6.751231,0,0,0,0,0,118.761507,182.827854,69.763063,21.209618,0,0,0,0,0,4.846897,16.830427,10.345326,4.270037,0,0,0,0,0
FCT4052,Full,1670,2068,1370.643999,1.50878,301.565705,0.318444,0.254,1.514563,1965.250259,163.458994,1412.493409,1.229,600.041768,501.36658,203.993701,51.486322,10.625453,2.925771,0.204403,0,0,93.486535,175.924104,121.350824,42.513504,11.653613,3.908244,0.307948,0,0,293.965823,553.232861,381.662863,133.775397,36.610906,12.278111,0.967447,0,0,12.649484,50.839476,57.579939,27.837916,10.073313,4.11448,0.364387,0,0
FCP0847,Full,1248,1599,922.221553,1.733857,178.755915,0.282473,0.254,1.325243,1329.250634,82.434882,838.902823,1.119,441.975531,370.106796,89.644303,17.220213,2.671771,0.602938,0,0,0,70.062834,125.598079,53.073822,14.237836,2.972966,0.772668,0,0,0,220.209599,394.965703,167.128818,44.831447,9.339847,2.427409,0,0,0,9.571347,35.040514,25.093303,9.343176,2.608539,0.778002,0,0,0
FEP9413,Full,1183,1596,1035.434396,1.541382,191.594599,0.265909,0.239473,1.401483,1563.096775,81.013861,875.014847,1.107,557.329109,377.731869,82.11116,15.336487,2.065824,0.859947,0,0,0,86.272019,127.932702,47.864188,12.74794,2.286347,1.128939,0,0,0,271.13361,402.436162,150.506768,40.208871,7.18277,3.546666,0,0,0,11.548572,35.648181,22.215468,8.440884,1.994824,1.165932,0,0,0
FFO5284,Full,1065,1279,952.570866,1.342682,151.569589,0.218734,0.18932,0.846667,1561.403191,48.556874,658.971814,1.898,636.62487,273.314907,38.735907,3.895183,0,0,0,0,0,95.135387,88.659902,22.834873,3.013428,0,0,0,0,0,298.924406,278.763755,71.816691,9.466962,0,0,0,0,0,12.45236,23.527825,10.744207,1.832481,0,0,0,0,0
FEH0081,Full,1778,3178,1269.025896,2.504283,177.623301,0.239875,0.169333,1.401483,1683.882809,95.006681,974.513859,0.912,818.215123,321.54758,84.032751,38.27097,6.194463,0.765009,0,0,0,112.374628,107.604687,49.195789,32.629664,6.601033,0.992706,0,0,0,354.206195,339.036146,154.805257,102.609826,20.737757,3.118677,0,0,0,13.663653,29.783158,22.960173,22.048665,5.537828,1.013205,0,0,0
FED1194,Full,990,1576,671.298539,2.347689,116.075037,0.287744,0.239473,1.27,844.402364,68.7163,631.288313,1.25,329.844058,240.133051,69.871112,28.10547,3.122911,0.221938,0,0,0,49.151491,82.244839,41.970375,23.775083,3.2647,0.281183,0,0,0,154.667249,258.800771,131.853822,74.691627,10.391481,0.883362,0,0,0,6.454662,23.258745,20.056817,15.90804,2.75824,0.279796,0,0,0
FDZ1151,Full,1467,2231,974.519295,2.289334,142.712976,0.225885,0.18932,1.084262,1379.79729,53.601286,704.689383,1.646,587.775801,339.730281,44.335425,2.336113,0.341675,0,0,0,0,86.3658,109.999389,25.0223,1.969912,0.359022,0,0,0,0,271.884267,346.316469,79.172083,6.188662,1.127902,0,0,0,0,11.195498,29.434724,11.362265,1.31234,0.296458,0,0,0,0
FDV4335,Full,1939,3072,1397.918324,2.197553,198.772004,0.234339,0.18932,1.25866,1931.141302,86.796253,1039.834186,2.165,839.984087,472.025753,72.164375,11.632943,1.906762,0.204403,0,0,0,117.398069,158.438554,42.852501,9.487317,2.077238,0.256912,0,0,0,369.245365,498.688502,134.762087,29.805285,6.525835,0.807112,0,0,0,14.564655,43.793216,20.290706,6.111476,1.782587,0.253614,0,0,0
FDR6843,Full,1803,2998,1415.808216,2.117518,222.884859,0.245409,0.18932,1.151591,1997.583842,98.883783,1110.497036,2.309,855.388738,430.790542,103.37264,24.43721,1.819087,0,0,0,0,127.537828,142.336809,60.689459,20.526521,1.905378,0,0,0,0,401.300702,447.934502,190.661558,64.614352,5.985922,0,0,0,0,16.578001,38.716184,28.342651,13.677248,1.569698,0,0,0,0
